지점,지점명,일시,최다풍향(16방위)
119,수원,2013-01-01,90
119,수원,2013-01-02,320
119,수원,2013-01-03,290
119,수원,2013-01-04,180
119,수원,2013-01-05,270
119,수원,2013-01-06,270
119,수원,2013-01-07,250
119,수원,2013-01-08,290
119,수원,2013-01-09,290
119,수원,2013-01-10,270
119,수원,2013-01-11,140
119,수원,2013-01-12,140
119,수원,2013-01-13,20
119,수원,2013-01-14,320
119,수원,2013-01-15,160
119,수원,2013-01-16,270
119,수원,2013-01-17,270
119,수원,2013-01-18,270
119,수원,2013-01-19,270
119,수원,2013-01-20,90
119,수원,2013-01-21,70
119,수원,2013-01-22,70
119,수원,2013-01-23,70
119,수원,2013-01-24,270
119,수원,2013-01-25,290
119,수원,2013-01-26,290
119,수원,2013-01-27,270
119,수원,2013-01-28,90
119,수원,2013-01-29,70
119,수원,2013-01-30,180
119,수원,2013-01-31,110
119,수원,2013-02-01,90
119,수원,2013-02-02,270
119,수원,2013-02-03,90
119,수원,2013-02-04,320
119,수원,2013-02-05,90
119,수원,2013-02-06,270
119,수원,2013-02-07,290
119,수원,2013-02-08,270
119,수원,2013-02-09,180
119,수원,2013-02-10,270
119,수원,2013-02-11,290
119,수원,2013-02-12,270
119,수원,2013-02-13,270
119,수원,2013-02-14,270
119,수원,2013-02-15,290
119,수원,2013-02-16,290
119,수원,2013-02-17,70
119,수원,2013-02-18,320
119,수원,2013-02-19,320
119,수원,2013-02-20,290
119,수원,2013-02-21,270
119,수원,2013-02-22,270
119,수원,2013-02-23,290
119,수원,2013-02-24,270
119,수원,2013-02-25,110
119,수원,2013-02-26,90
119,수원,2013-02-27,270
119,수원,2013-02-28,160
119,수원,2013-03-01,270
119,수원,2013-03-02,270
119,수원,2013-03-03,270
119,수원,2013-03-04,270
119,수원,2013-03-05,270
119,수원,2013-03-06,160
119,수원,2013-03-07,270
119,수원,2013-03-08,160
119,수원,2013-03-09,250
119,수원,2013-03-10,290
119,수원,2013-03-11,290
119,수원,2013-03-12,180
119,수원,2013-03-13,320
119,수원,2013-03-14,270
119,수원,2013-03-15,250
119,수원,2013-03-16,270
119,수원,2013-03-17,250
119,수원,2013-03-18,270
119,수원,2013-03-19,270
119,수원,2013-03-20,320
119,수원,2013-03-21,270
119,수원,2013-03-22,270
119,수원,2013-03-23,270
119,수원,2013-03-24,270
119,수원,2013-03-25,290
119,수원,2013-03-26,270
119,수원,2013-03-27,270
119,수원,2013-03-28,270
119,수원,2013-03-29,290
119,수원,2013-03-30,320
119,수원,2013-03-31,290
119,수원,2013-04-01,160
119,수원,2013-04-02,270
119,수원,2013-04-03,270
119,수원,2013-04-04,270
119,수원,2013-04-05,270
119,수원,2013-04-06,290
119,수원,2013-04-07,270
119,수원,2013-04-08,230
119,수원,2013-04-09,270
119,수원,2013-04-10,270
119,수원,2013-04-11,270
119,수원,2013-04-12,270
119,수원,2013-04-13,200
119,수원,2013-04-14,270
119,수원,2013-04-15,110
119,수원,2013-04-16,230
119,수원,2013-04-17,110
119,수원,2013-04-18,270
119,수원,2013-04-19,270
119,수원,2013-04-20,290
119,수원,2013-04-21,270
119,수원,2013-04-22,180
119,수원,2013-04-23,90
119,수원,2013-04-24,270
119,수원,2013-04-25,270
119,수원,2013-04-26,270
119,수원,2013-04-27,160
119,수원,2013-04-28,110
119,수원,2013-04-29,250
119,수원,2013-04-30,270
119,수원,2013-05-01,70
119,수원,2013-05-02,180
119,수원,2013-05-03,270
119,수원,2013-05-04,270
119,수원,2013-05-05,270
119,수원,2013-05-06,270
119,수원,2013-05-07,270
119,수원,2013-05-08,270
119,수원,2013-05-09,160
119,수원,2013-05-10,140
119,수원,2013-05-11,160
119,수원,2013-05-12,230
119,수원,2013-05-13,230
119,수원,2013-05-14,250
119,수원,2013-05-15,270
119,수원,2013-05-16,70
119,수원,2013-05-17,110
119,수원,2013-05-18,180
119,수원,2013-05-19,70
119,수원,2013-05-20,200
119,수원,2013-05-21,180
119,수원,2013-05-22,270
119,수원,2013-05-23,270
119,수원,2013-05-24,270
119,수원,2013-05-25,270
119,수원,2013-05-26,160
119,수원,2013-05-27,110
119,수원,2013-05-28,110
119,수원,2013-05-29,180
119,수원,2013-05-30,270
119,수원,2013-05-31,290
119,수원,2013-06-01,270
119,수원,2013-06-02,180
119,수원,2013-06-03,180
119,수원,2013-06-04,290
119,수원,2013-06-05,270
119,수원,2013-06-06,270
119,수원,2013-06-07,270
119,수원,2013-06-08,180
119,수원,2013-06-09,140
119,수원,2013-06-10,90
119,수원,2013-06-11,110
119,수원,2013-06-12,270
119,수원,2013-06-13,290
119,수원,2013-06-14,270
119,수원,2013-06-15,270
119,수원,2013-06-16,270
119,수원,2013-06-17,270
119,수원,2013-06-18,70
119,수원,2013-06-19,270
119,수원,2013-06-20,270
119,수원,2013-06-21,270
119,수원,2013-06-22,180
119,수원,2013-06-23,270
119,수원,2013-06-24,270
119,수원,2013-06-25,180
119,수원,2013-06-26,270
119,수원,2013-06-27,180
119,수원,2013-06-28,290
119,수원,2013-06-29,270
119,수원,2013-06-30,270
119,수원,2013-07-01,180
119,수원,2013-07-02,140
119,수원,2013-07-03,180
119,수원,2013-07-04,160
119,수원,2013-07-05,270
119,수원,2013-07-06,270
119,수원,2013-07-07,110
119,수원,2013-07-08,180
119,수원,2013-07-09,200
119,수원,2013-07-10,180
119,수원,2013-07-11,180
119,수원,2013-07-12,230
119,수원,2013-07-13,180
119,수원,2013-07-14,160
119,수원,2013-07-15,160
119,수원,2013-07-16,200
119,수원,2013-07-17,250
119,수원,2013-07-18,180
119,수원,2013-07-19,180
119,수원,2013-07-20,180
119,수원,2013-07-21,230
119,수원,2013-07-22,180
119,수원,2013-07-23,180
119,수원,2013-07-24,270
119,수원,2013-07-25,250
119,수원,2013-07-26,270
119,수원,2013-07-27,180
119,수원,2013-07-28,180
119,수원,2013-07-29,270
119,수원,2013-07-30,140
119,수원,2013-07-31,250
119,수원,2013-08-01,180
119,수원,2013-08-02,90
119,수원,2013-08-03,180
119,수원,2013-08-04,270
119,수원,2013-08-05,180
119,수원,2013-08-06,160
119,수원,2013-08-07,160
119,수원,2013-08-08,180
119,수원,2013-08-09,180
119,수원,2013-08-10,160
119,수원,2013-08-11,270
119,수원,2013-08-12,180
119,수원,2013-08-13,270
119,수원,2013-08-14,180
119,수원,2013-08-15,180
119,수원,2013-08-16,230
119,수원,2013-08-17,250
119,수원,2013-08-18,270
119,수원,2013-08-19,270
119,수원,2013-08-20,290
119,수원,2013-08-21,270
119,수원,2013-08-22,270
119,수원,2013-08-23,200
119,수원,2013-08-24,270
119,수원,2013-08-25,90
119,수원,2013-08-26,90
119,수원,2013-08-27,180
119,수원,2013-08-28,180
119,수원,2013-08-29,160
119,수원,2013-08-30,270
119,수원,2013-08-31,200
119,수원,2013-09-01,290
119,수원,2013-09-02,320
119,수원,2013-09-03,340
119,수원,2013-09-04,270
119,수원,2013-09-05,110
119,수원,2013-09-06,160
119,수원,2013-09-07,70
119,수원,2013-09-08,270
119,수원,2013-09-09,290
119,수원,2013-09-10,90
119,수원,2013-09-11,90
119,수원,2013-09-12,200
119,수원,2013-09-13,180
119,수원,2013-09-14,160
119,수원,2013-09-15,340
119,수원,2013-09-16,290
119,수원,2013-09-17,360
119,수원,2013-09-18,90
119,수원,2013-09-19,110
119,수원,2013-09-20,290
119,수원,2013-09-21,90
119,수원,2013-09-22,90
119,수원,2013-09-23,110
119,수원,2013-09-24,250
119,수원,2013-09-25,320
119,수원,2013-09-26,320
119,수원,2013-09-27,290
119,수원,2013-09-28,70
119,수원,2013-09-29,90
119,수원,2013-09-30,50
119,수원,2013-10-01,90
119,수원,2013-10-02,320
119,수원,2013-10-03,340
119,수원,2013-10-04,50
119,수원,2013-10-05,90
119,수원,2013-10-06,90
119,수원,2013-10-07,90
119,수원,2013-10-08,110
119,수원,2013-10-09,290
119,수원,2013-10-10,160
119,수원,2013-10-11,270
119,수원,2013-10-12,290
119,수원,2013-10-13,50
119,수원,2013-10-14,290
119,수원,2013-10-15,50
119,수원,2013-10-16,340
119,수원,2013-10-17,110
119,수원,2013-10-18,90
119,수원,2013-10-19,90
119,수원,2013-10-20,320
119,수원,2013-10-21,70
119,수원,2013-10-22,90
119,수원,2013-10-23,90
119,수원,2013-10-24,320
119,수원,2013-10-25,320
119,수원,2013-10-26,270
119,수원,2013-10-27,180
119,수원,2013-10-28,180
119,수원,2013-10-29,270
119,수원,2013-10-30,290
119,수원,2013-10-31,290
119,수원,2013-11-01,140
119,수원,2013-11-02,180
119,수원,2013-11-03,110
119,수원,2013-11-04,290
119,수원,2013-11-05,180
119,수원,2013-11-06,180
119,수원,2013-11-07,290
119,수원,2013-11-08,90
119,수원,2013-11-09,90
119,수원,2013-11-10,320
119,수원,2013-11-11,320
119,수원,2013-11-12,290
119,수원,2013-11-13,270
119,수원,2013-11-14,180
119,수원,2013-11-15,200
119,수원,2013-11-16,90
119,수원,2013-11-17,320
119,수원,2013-11-18,320
119,수원,2013-11-19,320
119,수원,2013-11-20,290
119,수원,2013-11-21,270
119,수원,2013-11-22,270
119,수원,2013-11-23,160
119,수원,2013-11-24,110
119,수원,2013-11-25,270
119,수원,2013-11-26,160
119,수원,2013-11-27,320
119,수원,2013-11-28,320
119,수원,2013-11-29,290
119,수원,2013-11-30,160
119,수원,2013-12-01,270
119,수원,2013-12-02,180
119,수원,2013-12-03,180
119,수원,2013-12-04,180
119,수원,2013-12-05,160
119,수원,2013-12-06,270
119,수원,2013-12-07,160
119,수원,2013-12-08,90
119,수원,2013-12-09,320
119,수원,2013-12-10,290
119,수원,2013-12-11,320
119,수원,2013-12-12,160
119,수원,2013-12-13,340
119,수원,2013-12-14,160
119,수원,2013-12-15,290
119,수원,2013-12-16,200
119,수원,2013-12-17,290
119,수원,2013-12-18,270
119,수원,2013-12-19,290
119,수원,2013-12-20,290
119,수원,2013-12-21,270
119,수원,2013-12-22,180
119,수원,2013-12-23,290
119,수원,2013-12-24,180
119,수원,2013-12-25,270
119,수원,2013-12-26,290
119,수원,2013-12-27,320
119,수원,2013-12-28,320
119,수원,2013-12-29,200
119,수원,2013-12-30,270
119,수원,2013-12-31,270
119,수원,2014-01-01,270
119,수원,2014-01-02,270
119,수원,2014-01-03,180
119,수원,2014-01-04,290
119,수원,2014-01-05,250
119,수원,2014-01-06,200
119,수원,2014-01-07,180
119,수원,2014-01-08,320
119,수원,2014-01-09,340
119,수원,2014-01-10,180
119,수원,2014-01-11,180
119,수원,2014-01-12,320
119,수원,2014-01-13,320
119,수원,2014-01-14,290
119,수원,2014-01-15,290
119,수원,2014-01-16,180
119,수원,2014-01-17,290
119,수원,2014-01-18,290
119,수원,2014-01-19,180
119,수원,2014-01-20,110
119,수원,2014-01-21,320
119,수원,2014-01-22,340
119,수원,2014-01-23,180
119,수원,2014-01-24,140
119,수원,2014-01-25,270
119,수원,2014-01-26,270
119,수원,2014-01-27,180
119,수원,2014-01-28,270
119,수원,2014-01-29,180
119,수원,2014-01-30,270
119,수원,2014-01-31,90
119,수원,2014-02-01,90
119,수원,2014-02-02,290
119,수원,2014-02-03,320
119,수원,2014-02-04,320
119,수원,2014-02-05,290
119,수원,2014-02-06,270
119,수원,2014-02-07,90
119,수원,2014-02-08,90
119,수원,2014-02-09,320
119,수원,2014-02-10,70
119,수원,2014-02-11,90
119,수원,2014-02-12,90
119,수원,2014-02-13,90
119,수원,2014-02-14,90
119,수원,2014-02-15,270
119,수원,2014-02-16,270
119,수원,2014-02-17,70
119,수원,2014-02-18,70
119,수원,2014-02-19,290
119,수원,2014-02-20,270
119,수원,2014-02-21,290
119,수원,2014-02-22,180
119,수원,2014-02-23,270
119,수원,2014-02-24,270
119,수원,2014-02-25,290
119,수원,2014-02-26,110
119,수원,2014-02-27,290
119,수원,2014-02-28,290
119,수원,2014-03-01,290
119,수원,2014-03-02,290
119,수원,2014-03-03,200
119,수원,2014-03-04,270
119,수원,2014-03-05,320
119,수원,2014-03-06,290
119,수원,2014-03-07,270
119,수원,2014-03-08,180
119,수원,2014-03-09,320
119,수원,2014-03-10,270
119,수원,2014-03-11,250
119,수원,2014-03-12,20
119,수원,2014-03-13,90
119,수원,2014-03-14,270
119,수원,2014-03-15,180
119,수원,2014-03-16,180
119,수원,2014-03-17,160
119,수원,2014-03-18,270
119,수원,2014-03-19,110
119,수원,2014-03-20,290
119,수원,2014-03-21,270
119,수원,2014-03-22,180
119,수원,2014-03-23,160
119,수원,2014-03-24,160
119,수원,2014-03-25,290
119,수원,2014-03-26,290
119,수원,2014-03-27,290
119,수원,2014-03-28,160
119,수원,2014-03-29,110
119,수원,2014-03-30,360
119,수원,2014-03-31,290
119,수원,2014-04-01,270
119,수원,2014-04-02,270
119,수원,2014-04-03,160
119,수원,2014-04-04,270
119,수원,2014-04-05,290
119,수원,2014-04-06,320
119,수원,2014-04-07,160
119,수원,2014-04-08,270
119,수원,2014-04-09,270
119,수원,2014-04-10,270
119,수원,2014-04-11,270
119,수원,2014-04-12,180
119,수원,2014-04-13,160
119,수원,2014-04-14,270
119,수원,2014-04-15,290
119,수원,2014-04-16,200
119,수원,2014-04-17,290
119,수원,2014-04-18,270
119,수원,2014-04-19,90
119,수원,2014-04-20,110
119,수원,2014-04-21,270
119,수원,2014-04-22,290
119,수원,2014-04-23,180
119,수원,2014-04-24,180
119,수원,2014-04-25,270
119,수원,2014-04-26,180
119,수원,2014-04-27,90
119,수원,2014-04-28,90
119,수원,2014-04-29,50
119,수원,2014-04-30,290
119,수원,2014-05-01,270
119,수원,2014-05-02,270
119,수원,2014-05-03,290
119,수원,2014-05-04,250
119,수원,2014-05-05,270
119,수원,2014-05-06,290
119,수원,2014-05-07,160
119,수원,2014-05-08,250
119,수원,2014-05-09,180
119,수원,2014-05-10,140
119,수원,2014-05-11,140
119,수원,2014-05-12,250
119,수원,2014-05-13,160
119,수원,2014-05-14,270
119,수원,2014-05-15,270
119,수원,2014-05-16,270
119,수원,2014-05-17,290
119,수원,2014-05-18,270
119,수원,2014-05-19,290
119,수원,2014-05-20,290
119,수원,2014-05-21,270
119,수원,2014-05-22,270
119,수원,2014-05-23,270
119,수원,2014-05-24,200
119,수원,2014-05-25,160
119,수원,2014-05-26,250
119,수원,2014-05-27,140
119,수원,2014-05-28,160
119,수원,2014-05-29,270
119,수원,2014-05-30,290
119,수원,2014-05-31,290
119,수원,2014-06-01,270
119,수원,2014-06-02,110
119,수원,2014-06-03,90
119,수원,2014-06-04,90
119,수원,2014-06-05,70
119,수원,2014-06-06,270
119,수원,2014-06-07,270
119,수원,2014-06-08,290
119,수원,2014-06-09,270
119,수원,2014-06-10,110
119,수원,2014-06-11,110
119,수원,2014-06-12,270
119,수원,2014-06-13,290
119,수원,2014-06-14,290
119,수원,2014-06-15,270
119,수원,2014-06-16,270
119,수원,2014-06-17,200
119,수원,2014-06-18,180
119,수원,2014-06-19,270
119,수원,2014-06-20,110
119,수원,2014-06-21,90
119,수원,2014-06-22,270
119,수원,2014-06-23,270
119,수원,2014-06-24,270
119,수원,2014-06-25,270
119,수원,2014-06-26,270
119,수원,2014-06-27,270
119,수원,2014-06-28,270
119,수원,2014-06-29,200
119,수원,2014-06-30,270
119,수원,2014-07-01,270
119,수원,2014-07-02,270
119,수원,2014-07-03,70
119,수원,2014-07-04,290
119,수원,2014-07-05,290
119,수원,2014-07-06,140
119,수원,2014-07-07,270
119,수원,2014-07-08,270
119,수원,2014-07-09,90
119,수원,2014-07-10,270
119,수원,2014-07-11,270
119,수원,2014-07-12,160
119,수원,2014-07-13,270
119,수원,2014-07-14,230
119,수원,2014-07-15,160
119,수원,2014-07-16,200
119,수원,2014-07-17,160
119,수원,2014-07-18,160
119,수원,2014-07-19,200
119,수원,2014-07-20,270
119,수원,2014-07-21,270
119,수원,2014-07-22,200
119,수원,2014-07-23,200
119,수원,2014-07-24,70
119,수원,2014-07-25,180
119,수원,2014-07-26,250
119,수원,2014-07-27,180
119,수원,2014-07-28,200
119,수원,2014-07-29,160
119,수원,2014-07-30,180
119,수원,2014-07-31,70
119,수원,2014-08-01,90
119,수원,2014-08-02,110
119,수원,2014-08-03,90
119,수원,2014-08-04,90
119,수원,2014-08-05,250
119,수원,2014-08-06,270
119,수원,2014-08-07,200
119,수원,2014-08-08,90
119,수원,2014-08-09,70
119,수원,2014-08-10,20
119,수원,2014-08-11,270
119,수원,2014-08-12,270
119,수원,2014-08-13,200
119,수원,2014-08-14,90
119,수원,2014-08-15,270
119,수원,2014-08-16,180
119,수원,2014-08-17,90
119,수원,2014-08-18,90
119,수원,2014-08-19,70
119,수원,2014-08-20,180
119,수원,2014-08-21,70
119,수원,2014-08-22,250
119,수원,2014-08-23,290
119,수원,2014-08-24,200
119,수원,2014-08-25,90
119,수원,2014-08-26,90
119,수원,2014-08-27,90
119,수원,2014-08-28,90
119,수원,2014-08-29,110
119,수원,2014-08-30,90
119,수원,2014-08-31,180
119,수원,2014-09-01,360
119,수원,2014-09-02,110
119,수원,2014-09-03,90
119,수원,2014-09-04,270
119,수원,2014-09-05,270
119,수원,2014-09-06,270
119,수원,2014-09-07,270
119,수원,2014-09-08,270
119,수원,2014-09-09,270
119,수원,2014-09-10,180
119,수원,2014-09-11,160
119,수원,2014-09-12,110
119,수원,2014-09-13,90
119,수원,2014-09-14,110
119,수원,2014-09-15,270
119,수원,2014-09-16,270
119,수원,2014-09-17,290
119,수원,2014-09-18,90
119,수원,2014-09-19,20
119,수원,2014-09-20,110
119,수원,2014-09-21,180
119,수원,2014-09-22,70
119,수원,2014-09-23,90
119,수원,2014-09-24,70
119,수원,2014-09-25,180
119,수원,2014-09-26,140
119,수원,2014-09-27,290
119,수원,2014-09-28,200
119,수원,2014-09-29,90
119,수원,2014-09-30,90
119,수원,2014-10-01,110
119,수원,2014-10-02,200
119,수원,2014-10-03,320
119,수원,2014-10-04,90
119,수원,2014-10-05,70
119,수원,2014-10-06,320
119,수원,2014-10-07,180
119,수원,2014-10-08,70
119,수원,2014-10-09,320
119,수원,2014-10-10,90
119,수원,2014-10-11,90
119,수원,2014-10-12,110
119,수원,2014-10-13,50
119,수원,2014-10-14,290
119,수원,2014-10-15,180
119,수원,2014-10-16,290
119,수원,2014-10-17,270
119,수원,2014-10-18,200
119,수원,2014-10-19,110
119,수원,2014-10-20,90
119,수원,2014-10-21,50
119,수원,2014-10-22,90
119,수원,2014-10-23,230
119,수원,2014-10-24,200
119,수원,2014-10-25,250
119,수원,2014-10-26,200
119,수원,2014-10-27,320
119,수원,2014-10-28,270
119,수원,2014-10-29,200
119,수원,2014-10-30,110
119,수원,2014-10-31,90
119,수원,2014-11-01,270
119,수원,2014-11-02,290
119,수원,2014-11-03,320
119,수원,2014-11-04,180
119,수원,2014-11-05,230
119,수원,2014-11-06,320
119,수원,2014-11-07,270
119,수원,2014-11-08,290
119,수원,2014-11-09,270
119,수원,2014-11-10,160
119,수원,2014-11-11,200
119,수원,2014-11-12,320
119,수원,2014-11-13,320
119,수원,2014-11-14,290
119,수원,2014-11-15,270
119,수원,2014-11-16,180
119,수원,2014-11-17,290
119,수원,2014-11-18,270
119,수원,2014-11-19,180
119,수원,2014-11-20,140
119,수원,2014-11-21,160
119,수원,2014-11-22,160
119,수원,2014-11-23,70
119,수원,2014-11-24,200
119,수원,2014-11-25,90
119,수원,2014-11-26,110
119,수원,2014-11-27,180
119,수원,2014-11-28,110
119,수원,2014-11-29,140
119,수원,2014-11-30,70
119,수원,2014-12-01,320
119,수원,2014-12-02,320
119,수원,2014-12-03,340
119,수원,2014-12-04,320
119,수원,2014-12-05,320
119,수원,2014-12-06,320
119,수원,2014-12-07,70
119,수원,2014-12-08,270
119,수원,2014-12-09,290
119,수원,2014-12-10,160
119,수원,2014-12-11,320
119,수원,2014-12-12,290
119,수원,2014-12-13,320
119,수원,2014-12-14,180
119,수원,2014-12-15,110
119,수원,2014-12-16,290
119,수원,2014-12-17,320
119,수원,2014-12-18,320
119,수원,2014-12-19,90
119,수원,2014-12-20,290
119,수원,2014-12-21,320
119,수원,2014-12-22,160
119,수원,2014-12-23,110
119,수원,2014-12-24,290
119,수원,2014-12-25,320
119,수원,2014-12-26,270
119,수원,2014-12-27,90
119,수원,2014-12-28,90
119,수원,2014-12-29,200
119,수원,2014-12-30,270
119,수원,2014-12-31,290
119,수원,2015-01-01,320
119,수원,2015-01-02,320
119,수원,2015-01-03,180
119,수원,2015-01-04,90
119,수원,2015-01-05,110
119,수원,2015-01-06,320
119,수원,2015-01-07,320
119,수원,2015-01-08,270
119,수원,2015-01-09,290
119,수원,2015-01-10,270
119,수원,2015-01-11,290
119,수원,2015-01-12,270
119,수원,2015-01-13,110
119,수원,2015-01-14,230
119,수원,2015-01-15,270
119,수원,2015-01-16,270
119,수원,2015-01-17,320
119,수원,2015-01-18,180
119,수원,2015-01-19,290
119,수원,2015-01-20,90
119,수원,2015-01-21,90
119,수원,2015-01-22,270
119,수원,2015-01-23,160
119,수원,2015-01-24,290
119,수원,2015-01-25,90
119,수원,2015-01-26,270
119,수원,2015-01-27,320
119,수원,2015-01-28,320
119,수원,2015-01-29,290
119,수원,2015-01-30,290
119,수원,2015-01-31,290
119,수원,2015-02-01,290
119,수원,2015-02-02,270
119,수원,2015-02-03,270
119,수원,2015-02-04,270
119,수원,2015-02-05,250
119,수원,2015-02-06,250
119,수원,2015-02-07,270
119,수원,2015-02-08,320
119,수원,2015-02-09,270
119,수원,2015-02-10,250
119,수원,2015-02-11,270
119,수원,2015-02-12,290
119,수원,2015-02-13,270
119,수원,2015-02-14,160
119,수원,2015-02-15,90
119,수원,2015-02-16,110
119,수원,2015-02-17,270
119,수원,2015-02-18,270
119,수원,2015-02-19,270
119,수원,2015-02-20,110
119,수원,2015-02-21,110
119,수원,2015-02-22,270
119,수원,2015-02-23,270
119,수원,2015-02-24,270
119,수원,2015-02-25,200
119,수원,2015-02-26,270
119,수원,2015-02-28,200
119,수원,2015-03-01,270
119,수원,2015-03-02,160
119,수원,2015-03-03,180
119,수원,2015-03-04,320
119,수원,2015-03-05,290
119,수원,2015-03-06,270
119,수원,2015-03-07,270
119,수원,2015-03-08,290
119,수원,2015-03-09,290
119,수원,2015-03-10,320
119,수원,2015-03-11,270
119,수원,2015-03-12,270
119,수원,2015-03-13,270
119,수원,2015-03-14,290
119,수원,2015-03-15,290
119,수원,2015-03-16,90
119,수원,2015-03-17,290
119,수원,2015-03-18,90
119,수원,2015-03-19,290
119,수원,2015-03-20,290
119,수원,2015-03-21,180
119,수원,2015-03-22,270
119,수원,2015-03-23,290
119,수원,2015-03-24,290
119,수원,2015-03-25,290
119,수원,2015-03-26,270
119,수원,2015-03-27,270
119,수원,2015-03-28,270
119,수원,2015-03-29,270
119,수원,2015-03-30,230
119,수원,2015-03-31,90
119,수원,2015-04-01,110
119,수원,2015-04-02,110
119,수원,2015-04-03,250
119,수원,2015-04-04,110
119,수원,2015-04-05,110
119,수원,2015-04-06,270
119,수원,2015-04-07,180
119,수원,2015-04-08,70
119,수원,2015-04-09,270
119,수원,2015-04-10,180
119,수원,2015-04-11,230
119,수원,2015-04-12,110
119,수원,2015-04-13,90
119,수원,2015-04-14,70
119,수원,2015-04-15,250
119,수원,2015-04-16,270
119,수원,2015-04-17,160
119,수원,2015-04-18,110
119,수원,2015-04-19,90
119,수원,2015-04-20,50
119,수원,2015-04-21,180
119,수원,2015-04-22,230
119,수원,2015-04-23,180
119,수원,2015-04-24,270
119,수원,2015-04-25,270
119,수원,2015-04-26,250
119,수원,2015-04-27,270
119,수원,2015-04-28,270
119,수원,2015-04-29,90
119,수원,2015-04-30,200
119,수원,2015-05-01,270
119,수원,2015-05-02,270
119,수원,2015-05-03,70
119,수원,2015-05-04,270
119,수원,2015-05-05,200
119,수원,2015-05-06,270
119,수원,2015-05-07,250
119,수원,2015-05-08,230
119,수원,2015-05-09,290
119,수원,2015-05-10,180
119,수원,2015-05-11,110
119,수원,2015-05-12,230
119,수원,2015-05-13,200
119,수원,2015-05-14,250
119,수원,2015-05-15,290
119,수원,2015-05-16,270
119,수원,2015-05-17,200
119,수원,2015-05-18,200
119,수원,2015-05-19,200
119,수원,2015-05-20,290
119,수원,2015-05-21,200
119,수원,2015-05-22,290
119,수원,2015-05-23,270
119,수원,2015-05-24,290
119,수원,2015-05-25,160
119,수원,2015-05-26,270
119,수원,2015-05-27,290
119,수원,2015-05-28,270
119,수원,2015-05-29,270
119,수원,2015-05-30,270
119,수원,2015-05-31,250
119,수원,2015-06-01,290
119,수원,2015-06-02,270
119,수원,2015-06-03,270
119,수원,2015-06-04,200
119,수원,2015-06-05,110
119,수원,2015-06-06,180
119,수원,2015-06-07,290
119,수원,2015-06-08,290
119,수원,2015-06-09,270
119,수원,2015-06-10,200
119,수원,2015-06-11,160
119,수원,2015-06-12,250
119,수원,2015-06-13,250
119,수원,2015-06-14,290
119,수원,2015-06-15,270
119,수원,2015-06-16,270
119,수원,2015-06-17,180
119,수원,2015-06-18,90
119,수원,2015-06-19,110
119,수원,2015-06-20,200
119,수원,2015-06-21,70
119,수원,2015-06-22,270
119,수원,2015-06-23,270
119,수원,2015-06-24,290
119,수원,2015-06-25,160
119,수원,2015-06-26,360
119,수원,2015-06-27,70
119,수원,2015-06-28,270
119,수원,2015-06-29,270
119,수원,2015-06-30,200
119,수원,2015-07-01,270
119,수원,2015-07-02,200
119,수원,2015-07-03,270
119,수원,2015-07-04,180
119,수원,2015-07-05,270
119,수원,2015-07-06,270
119,수원,2015-07-07,160
119,수원,2015-07-08,90
119,수원,2015-07-09,110
119,수원,2015-07-10,90
119,수원,2015-07-11,180
119,수원,2015-07-12,90
119,수원,2015-07-13,200
119,수원,2015-07-14,230
119,수원,2015-07-15,90
119,수원,2015-07-16,70
119,수원,2015-07-17,90
119,수원,2015-07-18,90
119,수원,2015-07-19,90
119,수원,2015-07-20,90
119,수원,2015-07-21,160
119,수원,2015-07-22,270
119,수원,2015-07-23,200
119,수원,2015-07-24,250
119,수원,2015-07-25,200
119,수원,2015-07-26,290
119,수원,2015-07-27,290
119,수원,2015-07-28,250
119,수원,2015-07-29,180
119,수원,2015-07-30,200
119,수원,2015-07-31,180
119,수원,2015-08-01,160
119,수원,2015-08-02,160
119,수원,2015-08-03,200
119,수원,2015-08-04,200
119,수원,2015-08-05,200
119,수원,2015-08-06,290
119,수원,2015-08-07,20
119,수원,2015-08-08,180
119,수원,2015-08-09,270
119,수원,2015-08-10,200
119,수원,2015-08-11,200
119,수원,2015-08-12,110
119,수원,2015-08-13,180
119,수원,2015-08-14,270
119,수원,2015-08-15,180
119,수원,2015-08-16,270
119,수원,2015-08-17,70
119,수원,2015-08-18,90
119,수원,2015-08-19,180
119,수원,2015-08-20,180
119,수원,2015-08-21,250
119,수원,2015-08-22,270
119,수원,2015-08-23,270
119,수원,2015-08-24,90
119,수원,2015-08-25,340
119,수원,2015-08-26,290
119,수원,2015-08-27,270
119,수원,2015-08-28,160
119,수원,2015-08-29,290
119,수원,2015-08-30,200
119,수원,2015-08-31,110
119,수원,2015-09-01,90
119,수원,2015-09-02,180
119,수원,2015-09-03,270
119,수원,2015-09-04,200
119,수원,2015-09-05,90
119,수원,2015-09-06,70
119,수원,2015-09-07,70
119,수원,2015-09-08,70
119,수원,2015-09-09,70
119,수원,2015-09-10,270
119,수원,2015-09-11,180
119,수원,2015-09-12,250
119,수원,2015-09-13,270
119,수원,2015-09-14,90
119,수원,2015-09-15,90
119,수원,2015-09-16,90
119,수원,2015-09-17,70
119,수원,2015-09-18,110
119,수원,2015-09-19,270
119,수원,2015-09-20,270
119,수원,2015-09-21,200
119,수원,2015-09-22,90
119,수원,2015-09-23,90
119,수원,2015-09-24,290
119,수원,2015-09-25,290
119,수원,2015-09-26,290
119,수원,2015-09-27,290
119,수원,2015-09-28,90
119,수원,2015-09-29,90
119,수원,2015-09-30,110
119,수원,2015-10-01,110
119,수원,2015-10-02,250
119,수원,2015-10-03,250
119,수원,2015-10-04,290
119,수원,2015-10-05,290
119,수원,2015-10-06,270
119,수원,2015-10-07,320
119,수원,2015-10-08,270
119,수원,2015-10-09,290
119,수원,2015-10-10,160
119,수원,2015-10-11,180
119,수원,2015-10-12,290
119,수원,2015-10-13,180
119,수원,2015-10-14,290
119,수원,2015-10-15,270
119,수원,2015-10-16,290
119,수원,2015-10-17,270
119,수원,2015-10-18,270
119,수원,2015-10-19,270
119,수원,2015-10-20,180
119,수원,2015-10-21,290
119,수원,2015-10-22,110
119,수원,2015-10-23,160
119,수원,2015-10-24,320
119,수원,2015-10-25,110
119,수원,2015-10-26,140
119,수원,2015-10-27,290
119,수원,2015-10-28,270
119,수원,2015-10-29,340
119,수원,2015-10-30,320
119,수원,2015-10-31,270
119,수원,2015-11-01,90
119,수원,2015-11-02,270
119,수원,2015-11-03,250
119,수원,2015-11-04,140
119,수원,2015-11-05,320
119,수원,2015-11-06,110
119,수원,2015-11-07,110
119,수원,2015-11-08,90
119,수원,2015-11-09,320
119,수원,2015-11-10,320
119,수원,2015-11-11,110
119,수원,2015-11-12,90
119,수원,2015-11-13,90
119,수원,2015-11-14,90
119,수원,2015-11-15,270
119,수원,2015-11-16,90
119,수원,2015-11-17,340
119,수원,2015-11-18,90
119,수원,2015-11-19,90
119,수원,2015-11-20,270
119,수원,2015-11-21,250
119,수원,2015-11-22,70
119,수원,2015-11-23,70
119,수원,2015-11-24,290
119,수원,2015-11-25,320
119,수원,2015-11-26,340
119,수원,2015-11-27,290
119,수원,2015-11-28,70
119,수원,2015-11-29,90
119,수원,2015-11-30,270
119,수원,2015-12-01,50
119,수원,2015-12-02,270
119,수원,2015-12-03,320
119,수원,2015-12-04,180
119,수원,2015-12-05,290
119,수원,2015-12-06,270
119,수원,2015-12-07,270
119,수원,2015-12-08,200
119,수원,2015-12-09,90
119,수원,2015-12-10,90
119,수원,2015-12-11,70
119,수원,2015-12-12,90
119,수원,2015-12-13,270
119,수원,2015-12-14,90
119,수원,2015-12-15,290
119,수원,2015-12-16,320
119,수원,2015-12-17,320
119,수원,2015-12-18,200
119,수원,2015-12-19,90
119,수원,2015-12-20,180
119,수원,2015-12-21,90
119,수원,2015-12-22,70
119,수원,2015-12-23,270
119,수원,2015-12-24,290
119,수원,2015-12-25,320
119,수원,2015-12-26,180
119,수원,2015-12-27,320
119,수원,2015-12-28,290
119,수원,2015-12-29,180
119,수원,2015-12-30,70
119,수원,2015-12-31,290
119,수원,2016-01-01,180
119,수원,2016-01-02,180
119,수원,2016-01-03,290
119,수원,2016-01-04,290
119,수원,2016-01-05,320
119,수원,2016-01-06,180
119,수원,2016-01-07,270
119,수원,2016-01-08,290
119,수원,2016-01-09,290
119,수원,2016-01-10,340
119,수원,2016-01-11,320
119,수원,2016-01-12,270
119,수원,2016-01-13,320
119,수원,2016-01-14,160
119,수원,2016-01-15,70
119,수원,2016-01-16,90
119,수원,2016-01-17,90
119,수원,2016-01-18,320
119,수원,2016-01-19,320
119,수원,2016-01-20,320
119,수원,2016-01-21,290
119,수원,2016-01-22,320
119,수원,2016-01-23,340
119,수원,2016-01-24,320
119,수원,2016-01-25,270
119,수원,2016-01-26,180
119,수원,2016-01-27,290
119,수원,2016-01-28,90
119,수원,2016-01-29,50
119,수원,2016-01-30,270
119,수원,2016-01-31,290
119,수원,2016-02-01,290
119,수원,2016-02-02,290
119,수원,2016-02-03,290
119,수원,2016-02-04,270
119,수원,2016-02-05,270
119,수원,2016-02-06,290
119,수원,2016-02-07,290
119,수원,2016-02-08,180
119,수원,2016-02-09,290
119,수원,2016-02-10,200
119,수원,2016-02-11,110
119,수원,2016-02-12,90
119,수원,2016-02-13,90
119,수원,2016-02-14,290
119,수원,2016-02-15,320
119,수원,2016-02-16,290
119,수원,2016-02-17,290
119,수원,2016-02-18,200
119,수원,2016-02-19,180
119,수원,2016-02-20,320
119,수원,2016-02-21,290
119,수원,2016-02-22,110
119,수원,2016-02-23,270
119,수원,2016-02-24,290
119,수원,2016-02-25,270
119,수원,2016-02-26,270
119,수원,2016-02-27,270
119,수원,2016-02-28,340
119,수원,2016-02-29,290
119,수원,2016-03-01,290
119,수원,2016-03-02,160
119,수원,2016-03-03,160
119,수원,2016-03-04,110
119,수원,2016-03-05,110
119,수원,2016-03-06,290
119,수원,2016-03-07,110
119,수원,2016-03-08,290
119,수원,2016-03-09,340
119,수원,2016-03-10,320
119,수원,2016-03-11,270
119,수원,2016-03-12,180
119,수원,2016-03-13,290
119,수원,2016-03-14,270
119,수원,2016-03-15,270
119,수원,2016-03-16,270
119,수원,2016-03-17,140
119,수원,2016-03-18,290
119,수원,2016-03-19,270
119,수원,2016-03-20,180
119,수원,2016-03-21,270
119,수원,2016-03-22,270
119,수원,2016-03-23,270
119,수원,2016-03-24,270
119,수원,2016-03-25,270
119,수원,2016-03-26,270
119,수원,2016-03-27,270
119,수원,2016-03-28,180
119,수원,2016-03-29,230
119,수원,2016-03-30,270
119,수원,2016-03-31,290
119,수원,2016-04-01,270
119,수원,2016-04-02,290
119,수원,2016-04-03,360
119,수원,2016-04-04,270
119,수원,2016-04-05,270
119,수원,2016-04-06,110
119,수원,2016-04-07,270
119,수원,2016-04-08,270
119,수원,2016-04-09,290
119,수원,2016-04-10,290
119,수원,2016-04-11,90
119,수원,2016-04-12,290
119,수원,2016-04-13,180
119,수원,2016-04-14,270
119,수원,2016-04-15,290
119,수원,2016-04-16,110
119,수원,2016-04-17,270
119,수원,2016-04-18,250
119,수원,2016-04-19,270
119,수원,2016-04-20,180
119,수원,2016-04-21,90
119,수원,2016-04-22,270
119,수원,2016-04-23,270
119,수원,2016-04-24,270
119,수원,2016-04-25,270
119,수원,2016-04-26,180
119,수원,2016-04-27,90
119,수원,2016-04-28,270
119,수원,2016-04-29,290
119,수원,2016-04-30,160
119,수원,2016-05-01,250
119,수원,2016-05-02,200
119,수원,2016-05-03,250
119,수원,2016-05-04,270
119,수원,2016-05-05,160
119,수원,2016-05-06,250
119,수원,2016-05-07,270
119,수원,2016-05-08,270
119,수원,2016-05-09,290
119,수원,2016-05-10,70
119,수원,2016-05-11,270
119,수원,2016-05-12,250
119,수원,2016-05-13,250
119,수원,2016-05-14,180
119,수원,2016-05-15,180
119,수원,2016-05-16,250
119,수원,2016-05-17,270
119,수원,2016-05-18,270
119,수원,2016-05-19,110
119,수원,2016-05-20,200
119,수원,2016-05-21,90
119,수원,2016-05-22,180
119,수원,2016-05-23,180
119,수원,2016-05-24,250
119,수원,2016-05-25,180
119,수원,2016-05-26,270
119,수원,2016-05-27,290
119,수원,2016-05-28,270
119,수원,2016-05-29,270
119,수원,2016-05-30,270
119,수원,2016-05-31,270
119,수원,2016-06-01,90
119,수원,2016-06-02,270
119,수원,2016-06-03,180
119,수원,2016-06-04,270
119,수원,2016-06-05,160
119,수원,2016-06-06,160
119,수원,2016-06-07,270
119,수원,2016-06-08,270
119,수원,2016-06-09,250
119,수원,2016-06-10,290
119,수원,2016-06-11,270
119,수원,2016-06-12,290
119,수원,2016-06-13,270
119,수원,2016-06-14,200
119,수원,2016-06-15,200
119,수원,2016-06-16,270
119,수원,2016-06-17,160
119,수원,2016-06-18,270
119,수원,2016-06-19,290
119,수원,2016-06-20,320
119,수원,2016-06-21,180
119,수원,2016-06-22,70
119,수원,2016-06-23,90
119,수원,2016-06-24,270
119,수원,2016-06-25,200
119,수원,2016-06-26,270
119,수원,2016-06-27,200
119,수원,2016-06-28,250
119,수원,2016-06-29,200
119,수원,2016-06-30,200
119,수원,2016-07-01,160
119,수원,2016-07-02,250
119,수원,2016-07-03,200
119,수원,2016-07-04,90
119,수원,2016-07-05,230
119,수원,2016-07-06,270
119,수원,2016-07-07,200
119,수원,2016-07-08,270
119,수원,2016-07-09,270
119,수원,2016-07-10,270
119,수원,2016-07-11,200
119,수원,2016-07-12,270
119,수원,2016-07-13,270
119,수원,2016-07-14,230
119,수원,2016-07-15,90
119,수원,2016-07-16,110
119,수원,2016-07-17,200
119,수원,2016-07-18,250
119,수원,2016-07-19,200
119,수원,2016-07-20,110
119,수원,2016-07-21,140
119,수원,2016-07-22,90
119,수원,2016-07-23,200
119,수원,2016-07-24,200
119,수원,2016-07-25,270
119,수원,2016-07-26,200
119,수원,2016-07-27,200
119,수원,2016-07-28,270
119,수원,2016-07-29,160
119,수원,2016-07-30,270
119,수원,2016-07-31,290
119,수원,2016-08-01,270
119,수원,2016-08-02,270
119,수원,2016-08-03,180
119,수원,2016-08-04,200
119,수원,2016-08-05,270
119,수원,2016-08-06,180
119,수원,2016-08-07,290
119,수원,2016-08-08,270
119,수원,2016-08-09,110
119,수원,2016-08-10,290
119,수원,2016-08-11,270
119,수원,2016-08-12,290
119,수원,2016-08-13,290
119,수원,2016-08-14,270
119,수원,2016-08-15,270
119,수원,2016-08-16,290
119,수원,2016-08-17,180
119,수원,2016-08-18,290
119,수원,2016-08-19,180
119,수원,2016-08-20,110
119,수원,2016-08-21,270
119,수원,2016-08-22,270
119,수원,2016-08-23,160
119,수원,2016-08-24,160
119,수원,2016-08-25,270
119,수원,2016-08-26,90
119,수원,2016-08-27,90
119,수원,2016-08-28,20
119,수원,2016-08-29,340
119,수원,2016-08-30,290
119,수원,2016-08-31,270
119,수원,2016-09-01,200
119,수원,2016-09-02,110
119,수원,2016-09-03,290
119,수원,2016-09-04,70
119,수원,2016-09-05,270
119,수원,2016-09-06,160
119,수원,2016-09-07,270
119,수원,2016-09-08,200
119,수원,2016-09-09,270
119,수원,2016-09-10,180
119,수원,2016-09-11,160
119,수원,2016-09-12,360
119,수원,2016-09-13,90
119,수원,2016-09-14,180
119,수원,2016-09-15,180
119,수원,2016-09-16,180
119,수원,2016-09-17,70
119,수원,2016-09-18,70
119,수원,2016-09-19,90
119,수원,2016-09-20,70
119,수원,2016-09-21,90
119,수원,2016-09-22,90
119,수원,2016-09-23,180
119,수원,2016-09-24,270
119,수원,2016-09-25,140
119,수원,2016-09-26,90
119,수원,2016-09-27,20
119,수원,2016-09-28,290
119,수원,2016-09-29,110
119,수원,2016-09-30,90
119,수원,2016-10-01,70
119,수원,2016-10-02,90
119,수원,2016-10-03,290
119,수원,2016-10-04,110
119,수원,2016-10-05,70
119,수원,2016-10-06,320
119,수원,2016-10-07,110
119,수원,2016-10-08,290
119,수원,2016-10-09,320
119,수원,2016-10-10,250
119,수원,2016-10-11,270
119,수원,2016-10-12,290
119,수원,2016-10-13,250
119,수원,2016-10-14,290
119,수원,2016-10-15,20
119,수원,2016-10-16,90
119,수원,2016-10-17,270
119,수원,2016-10-18,110
119,수원,2016-10-19,290
119,수원,2016-10-20,110
119,수원,2016-10-21,110
119,수원,2016-10-22,90
119,수원,2016-10-23,70
119,수원,2016-10-24,160
119,수원,2016-10-25,140
119,수원,2016-10-26,180
119,수원,2016-10-27,110
119,수원,2016-10-28,320
119,수원,2016-10-29,320
119,수원,2016-10-30,200
119,수원,2016-10-31,320
119,수원,2016-11-01,320
119,수원,2016-11-02,200
119,수원,2016-11-03,160
119,수원,2016-11-04,180
119,수원,2016-11-05,160
119,수원,2016-11-06,110
119,수원,2016-11-07,110
119,수원,2016-11-08,320
119,수원,2016-11-09,290
119,수원,2016-11-10,160
119,수원,2016-11-11,160
119,수원,2016-11-12,200
119,수원,2016-11-13,90
119,수원,2016-11-14,270
119,수원,2016-11-15,320
119,수원,2016-11-16,270
119,수원,2016-11-17,200
119,수원,2016-11-18,90
119,수원,2016-11-19,270
119,수원,2016-11-20,320
119,수원,2016-11-21,110
119,수원,2016-11-22,290
119,수원,2016-11-23,320
119,수원,2016-11-24,290
119,수원,2016-11-25,200
119,수원,2016-11-26,90
119,수원,2016-11-27,140
119,수원,2016-11-28,320
119,수원,2016-11-29,200
119,수원,2016-11-30,140
119,수원,2016-12-01,290
119,수원,2016-12-02,270
119,수원,2016-12-03,200
119,수원,2016-12-04,180
119,수원,2016-12-05,290
119,수원,2016-12-06,320
119,수원,2016-12-07,180
119,수원,2016-12-08,140
119,수원,2016-12-09,290
119,수원,2016-12-10,290
119,수원,2016-12-11,180
119,수원,2016-12-12,110
119,수원,2016-12-13,290
119,수원,2016-12-14,290
119,수원,2016-12-15,320
119,수원,2016-12-16,290
119,수원,2016-12-17,110
119,수원,2016-12-18,160
119,수원,2016-12-19,90
119,수원,2016-12-20,250
119,수원,2016-12-21,90
119,수원,2016-12-22,250
119,수원,2016-12-23,290
119,수원,2016-12-24,200
119,수원,2016-12-25,70
119,수원,2016-12-26,110
119,수원,2016-12-27,320
119,수원,2016-12-28,290
119,수원,2016-12-29,290
119,수원,2016-12-30,200
119,수원,2016-12-31,180
119,수원,2017-01-01,160
119,수원,2017-01-02,270
119,수원,2017-01-03,290
119,수원,2017-01-04,290
119,수원,2017-01-05,90
119,수원,2017-01-06,110
119,수원,2017-01-07,290
119,수원,2017-01-08,270
119,수원,2017-01-09,290
119,수원,2017-01-10,320
119,수원,2017-01-11,290
119,수원,2017-01-12,290
119,수원,2017-01-13,290
119,수원,2017-01-14,320
119,수원,2017-01-15,290
119,수원,2017-01-16,230
119,수원,2017-01-17,200
119,수원,2017-01-18,200
119,수원,2017-01-19,180
119,수원,2017-01-20,290
119,수원,2017-01-21,200
119,수원,2017-01-22,290
119,수원,2017-01-23,270
119,수원,2017-01-24,270
119,수원,2017-01-25,290
119,수원,2017-01-26,160
119,수원,2017-01-27,270
119,수원,2017-01-28,90
119,수원,2017-01-29,290
119,수원,2017-01-30,320
119,수원,2017-01-31,270
119,수원,2017-02-01,290
119,수원,2017-02-02,270
119,수원,2017-02-03,270
119,수원,2017-02-04,90
119,수원,2017-02-05,290
119,수원,2017-02-06,320
119,수원,2017-02-07,290
119,수원,2017-02-08,270
119,수원,2017-02-09,320
119,수원,2017-02-10,320
119,수원,2017-02-11,290
119,수원,2017-02-12,270
119,수원,2017-02-13,180
119,수원,2017-02-14,290
119,수원,2017-02-15,180
119,수원,2017-02-16,200
119,수원,2017-02-17,290
119,수원,2017-02-18,290
119,수원,2017-02-19,160
119,수원,2017-02-20,290
119,수원,2017-02-21,160
119,수원,2017-02-22,90
119,수원,2017-02-23,320
119,수원,2017-02-24,290
119,수원,2017-02-25,270
119,수원,2017-02-26,290
119,수원,2017-02-27,270
119,수원,2017-02-28,180
119,수원,2017-03-01,160
119,수원,2017-03-02,250
119,수원,2017-03-03,180
119,수원,2017-03-04,270
119,수원,2017-03-05,270
119,수원,2017-03-06,290
119,수원,2017-03-07,270
119,수원,2017-03-08,270
119,수원,2017-03-09,270
119,수원,2017-03-10,270
119,수원,2017-03-11,160
119,수원,2017-03-12,270
119,수원,2017-03-13,320
119,수원,2017-03-14,290
119,수원,2017-03-15,270
119,수원,2017-03-16,290
119,수원,2017-03-17,180
119,수원,2017-03-18,180
119,수원,2017-03-19,290
119,수원,2017-03-20,90
119,수원,2017-03-21,290
119,수원,2017-03-22,290
119,수원,2017-03-23,270
119,수원,2017-03-24,290
119,수원,2017-03-25,200
119,수원,2017-03-26,270
119,수원,2017-03-27,270
119,수원,2017-03-28,180
119,수원,2017-03-29,290
119,수원,2017-03-30,200
119,수원,2017-03-31,70
119,수원,2017-04-01,270
119,수원,2017-04-02,270
119,수원,2017-04-03,290
119,수원,2017-04-04,270
119,수원,2017-04-05,110
119,수원,2017-04-06,270
119,수원,2017-04-07,290
119,수원,2017-04-08,270
119,수원,2017-04-09,110
119,수원,2017-04-10,110
119,수원,2017-04-11,270
119,수원,2017-04-12,320
119,수원,2017-04-13,160
119,수원,2017-04-14,230
119,수원,2017-04-15,290
119,수원,2017-04-16,320
119,수원,2017-04-17,290
119,수원,2017-04-18,270
119,수원,2017-04-19,270
119,수원,2017-04-20,250
119,수원,2017-04-21,270
119,수원,2017-04-22,290
119,수원,2017-04-23,180
119,수원,2017-04-24,180
119,수원,2017-04-25,270
119,수원,2017-04-26,270
119,수원,2017-04-27,270
119,수원,2017-04-28,160
119,수원,2017-04-29,160
119,수원,2017-04-30,200
119,수원,2017-05-01,270
119,수원,2017-05-02,270
119,수원,2017-05-03,140
119,수원,2017-05-04,270
119,수원,2017-05-05,270
119,수원,2017-05-06,250
119,수원,2017-05-07,270
119,수원,2017-05-08,160
119,수원,2017-05-09,160
119,수원,2017-05-10,270
119,수원,2017-05-11,70
119,수원,2017-05-12,250
119,수원,2017-05-13,180
119,수원,2017-05-14,270
119,수원,2017-05-15,270
119,수원,2017-05-16,270
119,수원,2017-05-17,270
119,수원,2017-05-18,270
119,수원,2017-05-19,270
119,수원,2017-05-20,270
119,수원,2017-05-21,290
119,수원,2017-05-22,270
119,수원,2017-05-23,270
119,수원,2017-05-24,270
119,수원,2017-05-25,270
119,수원,2017-05-26,320
119,수원,2017-05-27,160
119,수원,2017-05-28,160
119,수원,2017-05-29,270
119,수원,2017-05-30,200
119,수원,2017-05-31,290
119,수원,2017-06-01,290
119,수원,2017-06-02,270
119,수원,2017-06-03,270
119,수원,2017-06-04,180
119,수원,2017-06-05,270
119,수원,2017-06-06,110
119,수원,2017-06-07,270
119,수원,2017-06-08,250
119,수원,2017-06-09,230
119,수원,2017-06-10,250
119,수원,2017-06-11,270
119,수원,2017-06-12,110
119,수원,2017-06-13,270
119,수원,2017-06-14,270
119,수원,2017-06-15,250
119,수원,2017-06-16,140
119,수원,2017-06-17,160
119,수원,2017-06-18,270
119,수원,2017-06-19,290
119,수원,2017-06-20,290
119,수원,2017-06-21,270
119,수원,2017-06-22,290
119,수원,2017-06-23,270
119,수원,2017-06-24,160
119,수원,2017-06-25,270
119,수원,2017-06-26,110
119,수원,2017-06-27,90
119,수원,2017-06-28,270
119,수원,2017-06-29,270
119,수원,2017-06-30,270
119,수원,2017-07-01,200
119,수원,2017-07-02,200
119,수원,2017-07-03,250
119,수원,2017-07-04,270
119,수원,2017-07-05,290
119,수원,2017-07-06,160
119,수원,2017-07-07,160
119,수원,2017-07-08,200
119,수원,2017-07-09,200
119,수원,2017-07-10,200
119,수원,2017-07-11,230
119,수원,2017-07-12,200
119,수원,2017-07-13,270
119,수원,2017-07-14,180
119,수원,2017-07-15,200
119,수원,2017-07-16,160
119,수원,2017-07-17,200
119,수원,2017-07-18,270
119,수원,2017-07-19,250
119,수원,2017-07-20,200
119,수원,2017-07-21,160
119,수원,2017-07-22,230
119,수원,2017-07-23,160
119,수원,2017-07-24,250
119,수원,2017-07-25,340
119,수원,2017-07-26,110
119,수원,2017-07-27,90
119,수원,2017-07-28,160
119,수원,2017-07-29,110
119,수원,2017-07-30,160
119,수원,2017-07-31,90
119,수원,2017-08-01,270
119,수원,2017-08-02,20
119,수원,2017-08-03,110
119,수원,2017-08-04,90
119,수원,2017-08-05,90
119,수원,2017-08-06,90
119,수원,2017-08-07,270
119,수원,2017-08-08,200
119,수원,2017-08-09,90
119,수원,2017-08-10,340
119,수원,2017-08-11,70
119,수원,2017-08-12,90
119,수원,2017-08-13,90
119,수원,2017-08-14,90
119,수원,2017-08-15,110
119,수원,2017-08-16,90
119,수원,2017-08-17,90
119,수원,2017-08-18,230
119,수원,2017-08-19,90
119,수원,2017-08-20,90
119,수원,2017-08-21,160
119,수원,2017-08-22,270
119,수원,2017-08-23,250
119,수원,2017-08-24,230
119,수원,2017-08-25,270
119,수원,2017-08-26,270
119,수원,2017-08-27,90
119,수원,2017-08-28,160
119,수원,2017-08-29,320
119,수원,2017-08-30,340
119,수원,2017-08-31,340
119,수원,2017-09-01,290
119,수원,2017-09-02,90
119,수원,2017-09-03,160
119,수원,2017-09-04,90
119,수원,2017-09-05,110
119,수원,2017-09-06,290
119,수원,2017-09-07,270
119,수원,2017-09-08,270
119,수원,2017-09-09,200
119,수원,2017-09-10,70
119,수원,2017-09-11,70
119,수원,2017-09-12,270
119,수원,2017-09-13,270
119,수원,2017-09-14,110
119,수원,2017-09-15,90
119,수원,2017-09-16,70
119,수원,2017-09-17,20
119,수원,2017-09-18,250
119,수원,2017-09-19,180
119,수원,2017-09-20,320
119,수원,2017-09-21,90
119,수원,2017-09-22,270
119,수원,2017-09-23,160
119,수원,2017-09-24,160
119,수원,2017-09-25,70
119,수원,2017-09-26,90
119,수원,2017-09-27,340
119,수원,2017-09-28,270
119,수원,2017-09-29,270
119,수원,2017-09-30,160
119,수원,2017-10-01,90
119,수원,2017-10-02,340
119,수원,2017-10-03,320
119,수원,2017-10-04,20
119,수원,2017-10-05,110
119,수원,2017-10-06,90
119,수원,2017-10-07,230
119,수원,2017-10-08,200
119,수원,2017-10-09,200
119,수원,2017-10-10,200
119,수원,2017-10-11,270
119,수원,2017-10-12,290
119,수원,2017-10-13,320
119,수원,2017-10-14,360
119,수원,2017-10-15,50
119,수원,2017-10-16,320
119,수원,2017-10-17,290
119,수원,2017-10-18,90
119,수원,2017-10-19,90
119,수원,2017-10-20,290
119,수원,2017-10-21,50
119,수원,2017-10-22,50
119,수원,2017-10-23,360
119,수원,2017-10-24,70
119,수원,2017-10-25,270
119,수원,2017-10-26,290
119,수원,2017-10-27,270
119,수원,2017-10-28,290
119,수원,2017-10-29,320
119,수원,2017-10-30,290
119,수원,2017-10-31,180
119,수원,2017-11-01,160
119,수원,2017-11-02,180
119,수원,2017-11-03,160
119,수원,2017-11-04,270
119,수원,2017-11-05,270
119,수원,2017-11-06,180
119,수원,2017-11-07,160
119,수원,2017-11-08,270
119,수원,2017-11-09,180
119,수원,2017-11-10,290
119,수원,2017-11-11,320
119,수원,2017-11-12,290
119,수원,2017-11-13,160
119,수원,2017-11-14,270
119,수원,2017-11-15,320
119,수원,2017-11-16,270
119,수원,2017-11-17,90
119,수원,2017-11-18,320
119,수원,2017-11-19,320
119,수원,2017-11-20,290
119,수원,2017-11-21,180
119,수원,2017-11-22,290
119,수원,2017-11-23,290
119,수원,2017-11-24,290
119,수원,2017-11-25,180
119,수원,2017-11-26,320
119,수원,2017-11-27,290
119,수원,2017-11-28,160
119,수원,2017-11-29,320
119,수원,2017-11-30,290
119,수원,2017-12-01,290
119,수원,2017-12-02,180
119,수원,2017-12-03,140
119,수원,2017-12-04,320
119,수원,2017-12-05,320
119,수원,2017-12-06,180
119,수원,2017-12-07,320
119,수원,2017-12-08,290
119,수원,2017-12-09,70
119,수원,2017-12-10,290
119,수원,2017-12-11,320
119,수원,2017-12-12,290
119,수원,2017-12-13,290
119,수원,2017-12-14,90
119,수원,2017-12-15,200
119,수원,2017-12-16,340
119,수원,2017-12-17,270
119,수원,2017-12-18,140
119,수원,2017-12-19,320
119,수원,2017-12-20,180
119,수원,2017-12-21,290
119,수원,2017-12-22,160
119,수원,2017-12-23,160
119,수원,2017-12-24,290
119,수원,2017-12-25,290
119,수원,2017-12-26,290
119,수원,2017-12-27,270
119,수원,2017-12-28,200
119,수원,2017-12-29,270
119,수원,2017-12-30,160
119,수원,2017-12-31,290
119,수원,2018-01-01,270
119,수원,2018-01-02,290
119,수원,2018-01-03,320
119,수원,2018-01-04,290
119,수원,2018-01-05,270
119,수원,2018-01-06,270
119,수원,2018-01-07,110
119,수원,2018-01-08,290
119,수원,2018-01-09,290
119,수원,2018-01-10,320
119,수원,2018-01-11,320
119,수원,2018-01-12,270
119,수원,2018-01-13,90
119,수원,2018-01-14,160
119,수원,2018-01-15,270
119,수원,2018-01-16,200
119,수원,2018-01-17,250
119,수원,2018-01-18,320
119,수원,2018-01-19,270
119,수원,2018-01-20,270
119,수원,2018-01-21,290
119,수원,2018-01-22,180
119,수원,2018-01-23,320
119,수원,2018-01-24,320
119,수원,2018-01-25,320
119,수원,2018-01-26,320
119,수원,2018-01-27,250
119,수원,2018-01-28,270
119,수원,2018-01-29,290
119,수원,2018-01-30,160
119,수원,2018-01-31,290
119,수원,2018-02-01,290
119,수원,2018-02-02,270
119,수원,2018-02-03,290
119,수원,2018-02-04,290
119,수원,2018-02-05,290
119,수원,2018-02-06,290
119,수원,2018-02-07,270
119,수원,2018-02-08,200
119,수원,2018-02-09,90
119,수원,2018-02-10,270
119,수원,2018-02-11,290
119,수원,2018-02-12,200
119,수원,2018-02-13,140
119,수원,2018-02-14,270
119,수원,2018-02-15,270
119,수원,2018-02-16,270
119,수원,2018-02-17,320
119,수원,2018-02-18,290
119,수원,2018-02-19,270
119,수원,2018-02-20,290
119,수원,2018-02-21,320
119,수원,2018-02-22,160
119,수원,2018-02-23,200
119,수원,2018-02-24,290
119,수원,2018-02-25,270
119,수원,2018-02-26,180
119,수원,2018-02-27,90
119,수원,2018-02-28,90
119,수원,2018-03-01,270
119,수원,2018-03-02,290
119,수원,2018-03-03,160
119,수원,2018-03-04,50
119,수원,2018-03-05,50
119,수원,2018-03-06,250
119,수원,2018-03-07,110
119,수원,2018-03-08,340
119,수원,2018-03-09,180
119,수원,2018-03-10,270
119,수원,2018-03-11,250
119,수원,2018-03-12,200
119,수원,2018-03-13,250
119,수원,2018-03-14,250
119,수원,2018-03-15,290
119,수원,2018-03-16,70
119,수원,2018-03-17,90
119,수원,2018-03-18,180
119,수원,2018-03-19,70
119,수원,2018-03-20,70
119,수원,2018-03-21,50
119,수원,2018-03-22,270
119,수원,2018-03-23,180
119,수원,2018-03-24,270
119,수원,2018-03-25,250
119,수원,2018-03-26,290
119,수원,2018-03-27,230
119,수원,2018-03-28,140
119,수원,2018-03-29,270
119,수원,2018-03-30,160
119,수원,2018-03-31,270
119,수원,2018-04-01,180
119,수원,2018-04-02,180
119,수원,2018-04-03,270
119,수원,2018-04-04,110
119,수원,2018-04-05,110
119,수원,2018-04-06,270
119,수원,2018-04-07,270
119,수원,2018-04-08,180
119,수원,2018-04-09,270
119,수원,2018-04-10,200
119,수원,2018-04-11,270
119,수원,2018-04-12,270
119,수원,2018-04-13,90
119,수원,2018-04-14,320
119,수원,2018-04-15,270
119,수원,2018-04-16,250
119,수원,2018-04-17,270
119,수원,2018-04-18,270
119,수원,2018-04-19,270
119,수원,2018-04-20,270
119,수원,2018-04-21,270
119,수원,2018-04-22,70
119,수원,2018-04-23,90
119,수원,2018-04-24,50
119,수원,2018-04-25,270
119,수원,2018-04-26,270
119,수원,2018-04-27,270
119,수원,2018-04-28,270
119,수원,2018-04-29,270
119,수원,2018-04-30,270
119,수원,2018-05-01,270
119,수원,2018-05-02,270
119,수원,2018-05-03,270
119,수원,2018-05-04,270
119,수원,2018-05-05,250
119,수원,2018-05-06,70
119,수원,2018-05-07,270
119,수원,2018-05-08,90
119,수원,2018-05-09,70
119,수원,2018-05-10,270
119,수원,2018-05-11,230
119,수원,2018-05-12,90
119,수원,2018-05-13,270
119,수원,2018-05-14,90
119,수원,2018-05-15,140
119,수원,2018-05-16,200
119,수원,2018-05-17,110
119,수원,2018-05-18,270
119,수원,2018-05-19,110
119,수원,2018-05-20,70
119,수원,2018-05-21,90
119,수원,2018-05-22,90
119,수원,2018-05-23,270
119,수원,2018-05-24,230
119,수원,2018-05-25,270
119,수원,2018-05-26,270
119,수원,2018-05-27,270
119,수원,2018-05-28,270
119,수원,2018-05-29,200
119,수원,2018-05-30,270
119,수원,2018-05-31,270
119,수원,2018-06-01,270
119,수원,2018-06-02,270
119,수원,2018-06-03,290
119,수원,2018-06-04,270
119,수원,2018-06-05,290
119,수원,2018-06-06,270
119,수원,2018-06-07,270
119,수원,2018-06-08,270
119,수원,2018-06-09,110
119,수원,2018-06-10,110
119,수원,2018-06-11,90
119,수원,2018-06-12,70
119,수원,2018-06-13,180
119,수원,2018-06-14,110
119,수원,2018-06-15,110
119,수원,2018-06-16,110
119,수원,2018-06-17,200
119,수원,2018-06-18,270
119,수원,2018-06-19,230
119,수원,2018-06-20,270
119,수원,2018-06-21,270
119,수원,2018-06-22,270
119,수원,2018-06-23,270
119,수원,2018-06-24,270
119,수원,2018-06-25,160
119,수원,2018-06-26,250
119,수원,2018-06-27,200
119,수원,2018-06-28,160
119,수원,2018-06-29,290
119,수원,2018-06-30,200
119,수원,2018-07-01,90
119,수원,2018-07-02,90
119,수원,2018-07-03,90
119,수원,2018-07-04,270
119,수원,2018-07-05,90
119,수원,2018-07-06,70
119,수원,2018-07-07,70
119,수원,2018-07-08,110
119,수원,2018-07-09,90
119,수원,2018-07-10,90
119,수원,2018-07-11,270
119,수원,2018-07-12,270
119,수원,2018-07-13,230
119,수원,2018-07-14,270
119,수원,2018-07-15,270
119,수원,2018-07-16,270
119,수원,2018-07-17,250
119,수원,2018-07-18,270
119,수원,2018-07-19,270
119,수원,2018-07-20,270
119,수원,2018-07-21,290
119,수원,2018-07-22,250
119,수원,2018-07-23,270
119,수원,2018-07-24,200
119,수원,2018-07-25,200
119,수원,2018-07-26,270
119,수원,2018-07-27,270
119,수원,2018-07-28,200
119,수원,2018-07-29,70
119,수원,2018-07-30,70
119,수원,2018-07-31,90
119,수원,2018-08-01,270
119,수원,2018-08-02,180
119,수원,2018-08-03,180
119,수원,2018-08-04,270
119,수원,2018-08-05,270
119,수원,2018-08-06,250
119,수원,2018-08-07,110
119,수원,2018-08-08,270
119,수원,2018-08-09,270
119,수원,2018-08-10,90
119,수원,2018-08-11,110
119,수원,2018-08-12,110
119,수원,2018-08-13,320
119,수원,2018-08-14,270
119,수원,2018-08-15,70
119,수원,2018-08-16,90
119,수원,2018-08-17,90
119,수원,2018-08-18,110
119,수원,2018-08-19,160
119,수원,2018-08-20,180
119,수원,2018-08-21,180
119,수원,2018-08-22,110
119,수원,2018-08-23,70
119,수원,2018-08-24,250
119,수원,2018-08-25,250
119,수원,2018-08-26,90
119,수원,2018-08-27,70
119,수원,2018-08-28,90
119,수원,2018-08-29,200
119,수원,2018-08-30,270
119,수원,2018-08-31,270
119,수원,2018-09-01,110
119,수원,2018-09-02,110
119,수원,2018-09-03,110
119,수원,2018-09-04,320
119,수원,2018-09-05,270
119,수원,2018-09-06,160
119,수원,2018-09-07,250
119,수원,2018-09-08,290
119,수원,2018-09-09,270
119,수원,2018-09-10,90
119,수원,2018-09-11,90
119,수원,2018-09-12,90
119,수원,2018-09-13,90
119,수원,2018-09-14,70
119,수원,2018-09-15,90
119,수원,2018-09-16,270
119,수원,2018-09-17,270
119,수원,2018-09-18,270
119,수원,2018-09-19,180
119,수원,2018-09-20,90
119,수원,2018-09-21,90
119,수원,2018-09-22,250
119,수원,2018-09-23,290
119,수원,2018-09-24,290
119,수원,2018-09-25,70
119,수원,2018-09-26,90
119,수원,2018-09-27,70
119,수원,2018-09-28,90
119,수원,2018-09-29,90
119,수원,2018-09-30,290
119,수원,2018-10-01,290
119,수원,2018-10-02,290
119,수원,2018-10-03,270
119,수원,2018-10-04,90
119,수원,2018-10-05,70
119,수원,2018-10-06,50
119,수원,2018-10-07,250
119,수원,2018-10-08,20
119,수원,2018-10-09,110
119,수원,2018-10-10,290
119,수원,2018-10-11,320
119,수원,2018-10-12,270
119,수원,2018-10-13,270
119,수원,2018-10-14,290
119,수원,2018-10-15,270
119,수원,2018-10-16,270
119,수원,2018-10-17,290
119,수원,2018-10-18,90
119,수원,2018-10-19,320
119,수원,2018-10-20,270
119,수원,2018-10-21,160
119,수원,2018-10-22,200
119,수원,2018-10-23,180
119,수원,2018-10-24,290
119,수원,2018-10-25,110
119,수원,2018-10-26,270
119,수원,2018-10-27,290
119,수원,2018-10-28,160
119,수원,2018-10-29,290
119,수원,2018-10-30,250
119,수원,2018-10-31,270
119,수원,2018-11-01,270
119,수원,2018-11-02,270
119,수원,2018-11-03,270
119,수원,2018-11-04,290
119,수원,2018-11-05,270
119,수원,2018-11-06,270
119,수원,2018-11-07,90
119,수원,2018-11-08,90
119,수원,2018-11-09,270
119,수원,2018-11-10,160
119,수원,2018-11-11,340
119,수원,2018-11-12,270
119,수원,2018-11-13,270
119,수원,2018-11-14,270
119,수원,2018-11-15,180
119,수원,2018-11-16,290
119,수원,2018-11-17,270
119,수원,2018-11-18,270
119,수원,2018-11-19,320
119,수원,2018-11-20,180
119,수원,2018-11-21,180
119,수원,2018-11-22,290
119,수원,2018-11-23,180
119,수원,2018-11-24,90
119,수원,2018-11-25,180
119,수원,2018-11-26,90
119,수원,2018-11-27,320
119,수원,2018-11-28,290
119,수원,2018-11-29,340
119,수원,2018-11-30,250
119,수원,2018-12-01,70
119,수원,2018-12-02,90
119,수원,2018-12-03,110
119,수원,2018-12-04,290
119,수원,2018-12-05,320
119,수원,2018-12-06,270
119,수원,2018-12-07,320
119,수원,2018-12-08,340
119,수원,2018-12-09,290
119,수원,2018-12-10,110
119,수원,2018-12-11,110
119,수원,2018-12-12,320
119,수원,2018-12-13,290
119,수원,2018-12-14,250
119,수원,2018-12-15,50
119,수원,2018-12-16,160
119,수원,2018-12-17,290
119,수원,2018-12-18,180
119,수원,2018-12-19,270
119,수원,2018-12-20,200
119,수원,2018-12-21,180
119,수원,2018-12-22,270
119,수원,2018-12-23,290
119,수원,2018-12-24,290
119,수원,2018-12-25,160
119,수원,2018-12-26,320
119,수원,2018-12-27,320
119,수원,2018-12-28,320
119,수원,2018-12-29,320
119,수원,2018-12-30,290
119,수원,2018-12-31,290
119,수원,2019-01-01,290
119,수원,2019-01-02,290
119,수원,2019-01-03,290
119,수원,2019-01-04,200
119,수원,2019-01-05,290
119,수원,2019-01-06,270
119,수원,2019-01-07,180
119,수원,2019-01-08,320
119,수원,2019-01-09,270
119,수원,2019-01-10,200
119,수원,2019-01-11,180
119,수원,2019-01-12,270
119,수원,2019-01-13,290
119,수원,2019-01-14,160
119,수원,2019-01-15,290
119,수원,2019-01-16,290
119,수원,2019-01-17,270
119,수원,2019-01-18,270
119,수원,2019-01-19,160
119,수원,2019-01-20,290
119,수원,2019-01-21,250
119,수원,2019-01-22,250
119,수원,2019-01-23,290
119,수원,2019-01-24,270
119,수원,2019-01-25,320
119,수원,2019-01-26,320
119,수원,2019-01-27,270
119,수원,2019-01-28,270
119,수원,2019-01-29,270
119,수원,2019-01-30,270
119,수원,2019-01-31,290
119,수원,2019-02-01,180
119,수원,2019-02-02,140
119,수원,2019-02-03,90
119,수원,2019-02-04,290
119,수원,2019-02-05,160
119,수원,2019-02-06,200
119,수원,2019-02-07,320
119,수원,2019-02-08,270
119,수원,2019-02-09,320
119,수원,2019-02-10,290
119,수원,2019-02-11,270
119,수원,2019-02-12,180
119,수원,2019-02-13,290
119,수원,2019-02-14,270
119,수원,2019-02-15,200
119,수원,2019-02-16,290
119,수원,2019-02-17,270
119,수원,2019-02-18,180
119,수원,2019-02-19,270
119,수원,2019-02-20,270
119,수원,2019-02-21,270
119,수원,2019-02-22,270
119,수원,2019-02-23,160
119,수원,2019-02-24,270
119,수원,2019-02-25,270
119,수원,2019-02-26,270
119,수원,2019-02-27,200
119,수원,2019-02-28,270
119,수원,2019-03-01,270
119,수원,2019-03-02,290
119,수원,2019-03-03,270
119,수원,2019-03-04,160
119,수원,2019-03-05,160
119,수원,2019-03-06,290
119,수원,2019-03-07,180
119,수원,2019-03-08,180
119,수원,2019-03-09,290
119,수원,2019-03-10,20
119,수원,2019-03-11,200
119,수원,2019-03-12,250
119,수원,2019-03-13,270
119,수원,2019-03-14,180
119,수원,2019-03-15,180
119,수원,2019-03-16,270
119,수원,2019-03-17,250
119,수원,2019-03-18,180
119,수원,2019-03-19,270
119,수원,2019-03-20,110
119,수원,2019-03-21,270
119,수원,2019-03-22,320
119,수원,2019-03-23,320
119,수원,2019-03-24,270
119,수원,2019-03-25,160
119,수원,2019-03-26,160
119,수원,2019-03-27,230
119,수원,2019-03-28,270
119,수원,2019-03-29,270
119,수원,2019-03-30,270
119,수원,2019-03-31,290
119,수원,2019-04-01,270
119,수원,2019-04-02,270
119,수원,2019-04-03,270
119,수원,2019-04-04,160
119,수원,2019-04-05,270
119,수원,2019-04-06,90
119,수원,2019-04-07,290
119,수원,2019-04-08,290
119,수원,2019-04-09,90
119,수원,2019-04-10,340
119,수원,2019-04-11,270
119,수원,2019-04-12,270
119,수원,2019-04-13,290
119,수원,2019-04-14,270
119,수원,2019-04-15,270
119,수원,2019-04-16,270
119,수원,2019-04-17,270
119,수원,2019-04-18,270
119,수원,2019-04-19,90
119,수원,2019-04-20,270
119,수원,2019-04-21,270
119,수원,2019-04-22,270
119,수원,2019-04-23,110
119,수원,2019-04-24,270
119,수원,2019-04-25,90
119,수원,2019-04-26,360
119,수원,2019-04-27,270
119,수원,2019-04-28,290
119,수원,2019-04-29,90
119,수원,2019-04-30,270
119,수원,2019-05-01,250
119,수원,2019-05-02,270
119,수원,2019-05-03,250
119,수원,2019-05-04,200
119,수원,2019-05-05,270
119,수원,2019-05-06,320
119,수원,2019-05-07,250
119,수원,2019-05-08,180
119,수원,2019-05-09,270
119,수원,2019-05-10,270
119,수원,2019-05-11,270
119,수원,2019-05-12,180
119,수원,2019-05-13,270
119,수원,2019-05-14,270
119,수원,2019-05-15,270
119,수원,2019-05-16,270
119,수원,2019-05-17,90
119,수원,2019-05-18,110
119,수원,2019-05-19,110
119,수원,2019-05-20,270
119,수원,2019-05-21,160
119,수원,2019-05-22,250
119,수원,2019-05-23,290
119,수원,2019-05-24,110
119,수원,2019-05-25,230
119,수원,2019-05-26,290
119,수원,2019-05-27,140
119,수원,2019-05-28,250
119,수원,2019-05-29,180
119,수원,2019-05-30,250
119,수원,2019-05-31,270
119,수원,2019-06-01,290
119,수원,2019-06-02,290
119,수원,2019-06-03,270
119,수원,2019-06-04,270
119,수원,2019-06-05,290
119,수원,2019-06-06,200
119,수원,2019-06-07,50
119,수원,2019-06-08,270
119,수원,2019-06-09,270
119,수원,2019-06-10,70
119,수원,2019-06-11,70
119,수원,2019-06-12,270
119,수원,2019-06-13,270
119,수원,2019-06-14,290
119,수원,2019-06-15,270
119,수원,2019-06-16,180
119,수원,2019-06-17,270
119,수원,2019-06-18,270
119,수원,2019-06-19,270
119,수원,2019-06-20,270
119,수원,2019-06-21,290
119,수원,2019-06-22,90
119,수원,2019-06-23,70
119,수원,2019-06-24,180
119,수원,2019-06-25,290
119,수원,2019-06-26,160
119,수원,2019-06-27,90
119,수원,2019-06-28,270
119,수원,2019-06-29,90
119,수원,2019-06-30,270
119,수원,2019-07-01,250
119,수원,2019-07-02,270
119,수원,2019-07-03,270
119,수원,2019-07-04,250
119,수원,2019-07-05,270
119,수원,2019-07-06,110
119,수원,2019-07-07,90
119,수원,2019-07-08,90
119,수원,2019-07-09,90
119,수원,2019-07-10,90
119,수원,2019-07-11,340
119,수원,2019-07-12,270
119,수원,2019-07-13,180
119,수원,2019-07-14,270
119,수원,2019-07-15,70
119,수원,2019-07-16,160
119,수원,2019-07-17,290
119,수원,2019-07-18,160
119,수원,2019-07-19,90
119,수원,2019-07-20,90
119,수원,2019-07-21,250
119,수원,2019-07-22,230
119,수원,2019-07-23,200
119,수원,2019-07-24,180
119,수원,2019-07-25,160
119,수원,2019-07-26,180
119,수원,2019-07-27,160
119,수원,2019-07-28,160
119,수원,2019-07-29,200
119,수원,2019-07-30,230
119,수원,2019-07-31,250
119,수원,2019-08-01,250
119,수원,2019-08-02,270
119,수원,2019-08-03,160
119,수원,2019-08-04,250
119,수원,2019-08-05,270
119,수원,2019-08-06,70
119,수원,2019-08-07,320
119,수원,2019-08-08,250
119,수원,2019-08-09,250
119,수원,2019-08-10,140
119,수원,2019-08-11,110
119,수원,2019-08-12,110
119,수원,2019-08-13,140
119,수원,2019-08-14,90
119,수원,2019-08-15,50
119,수원,2019-08-16,250
119,수원,2019-08-17,270
119,수원,2019-08-18,250
119,수원,2019-08-19,290
119,수원,2019-08-20,140
119,수원,2019-08-21,320
119,수원,2019-08-22,270
119,수원,2019-08-23,250
119,수원,2019-08-24,270
119,수원,2019-08-25,270
119,수원,2019-08-26,250
119,수원,2019-08-27,250
119,수원,2019-08-28,270
119,수원,2019-08-29,160
119,수원,2019-08-30,270
119,수원,2019-08-31,270
119,수원,2019-09-01,250
119,수원,2019-09-02,360
119,수원,2019-09-03,110
119,수원,2019-09-04,90
119,수원,2019-09-05,110
119,수원,2019-09-06,90
119,수원,2019-09-07,90
119,수원,2019-09-08,230
119,수원,2019-09-09,110
119,수원,2019-09-10,90
119,수원,2019-09-11,90
119,수원,2019-09-12,110
119,수원,2019-09-13,90
119,수원,2019-09-14,160
119,수원,2019-09-15,110
119,수원,2019-09-16,70
119,수원,2019-09-17,110
119,수원,2019-09-18,320
119,수원,2019-09-19,320
119,수원,2019-09-20,90
119,수원,2019-09-21,110
119,수원,2019-09-22,50
119,수원,2019-09-23,320
119,수원,2019-09-24,270
119,수원,2019-09-25,270
119,수원,2019-09-26,110
119,수원,2019-09-27,90
119,수원,2019-09-28,270
119,수원,2019-09-29,320
119,수원,2019-09-30,290
119,수원,2019-10-01,110
119,수원,2019-10-02,90
119,수원,2019-10-03,320
119,수원,2019-10-04,140
119,수원,2019-10-05,270
119,수원,2019-10-06,90
119,수원,2019-10-07,110
119,수원,2019-10-08,320
119,수원,2019-10-09,290
119,수원,2019-10-10,290
119,수원,2019-10-11,20
119,수원,2019-10-12,50
119,수원,2019-10-13,70
119,수원,2019-10-14,290
119,수원,2019-10-15,90
119,수원,2019-10-16,290
119,수원,2019-10-17,110
119,수원,2019-10-18,110
119,수원,2019-10-19,290
119,수원,2019-10-20,290
119,수원,2019-10-21,290
119,수원,2019-10-22,110
119,수원,2019-10-23,90
119,수원,2019-10-24,50
119,수원,2019-10-25,270
119,수원,2019-10-26,320
119,수원,2019-10-27,250
119,수원,2019-10-28,110
119,수원,2019-10-29,270
119,수원,2019-10-30,250
119,수원,2019-10-31,140
119,수원,2019-11-01,290
119,수원,2019-11-02,320
119,수원,2019-11-03,90
119,수원,2019-11-04,290
119,수원,2019-11-05,290
119,수원,2019-11-06,270
119,수원,2019-11-07,290
119,수원,2019-11-08,270
119,수원,2019-11-09,270
119,수원,2019-11-10,110
119,수원,2019-11-11,320
119,수원,2019-11-12,320
119,수원,2019-11-13,320
119,수원,2019-11-14,290
119,수원,2019-11-15,140
119,수원,2019-11-16,320
119,수원,2019-11-17,90
119,수원,2019-11-18,290
119,수원,2019-11-19,320
119,수원,2019-11-20,320
119,수원,2019-11-21,90
119,수원,2019-11-22,90
119,수원,2019-11-23,110
119,수원,2019-11-24,320
119,수원,2019-11-25,290
119,수원,2019-11-26,290
119,수원,2019-11-27,320
119,수원,2019-11-28,270
119,수원,2019-11-29,270
119,수원,2019-11-30,270
119,수원,2019-12-01,320
119,수원,2019-12-02,320
119,수원,2019-12-03,140
119,수원,2019-12-04,290
119,수원,2019-12-05,320
119,수원,2019-12-06,270
119,수원,2019-12-07,110
119,수원,2019-12-08,290
119,수원,2019-12-09,110
119,수원,2019-12-10,90
119,수원,2019-12-11,290
119,수원,2019-12-12,320
119,수원,2019-12-13,140
119,수원,2019-12-14,320
119,수원,2019-12-15,90
119,수원,2019-12-16,140
119,수원,2019-12-17,270
119,수원,2019-12-18,320
119,수원,2019-12-19,320
119,수원,2019-12-20,270
119,수원,2019-12-21,110
119,수원,2019-12-22,90
119,수원,2019-12-23,270
119,수원,2019-12-24,290
119,수원,2019-12-25,290
119,수원,2019-12-26,290
119,수원,2019-12-27,290
119,수원,2019-12-28,160
119,수원,2019-12-29,90
119,수원,2019-12-30,270
119,수원,2019-12-31,320
119,수원,2020-01-01,160
119,수원,2020-01-02,160
119,수원,2020-01-03,270
119,수원,2020-01-04,160
119,수원,2020-01-05,290
119,수원,2020-01-06,90
119,수원,2020-01-07,90
119,수원,2020-01-08,270
119,수원,2020-01-09,290
119,수원,2020-01-10,270
119,수원,2020-01-11,290
119,수원,2020-01-12,270
119,수원,2020-01-13,270
119,수원,2020-01-14,270
119,수원,2020-01-15,270
119,수원,2020-01-16,290
119,수원,2020-01-17,270
119,수원,2020-01-18,270
119,수원,2020-01-19,270
119,수원,2020-01-20,290
119,수원,2020-01-21,140
119,수원,2020-01-22,110
119,수원,2020-01-23,290
119,수원,2020-01-24,250
119,수원,2020-01-25,320
119,수원,2020-01-26,90
119,수원,2020-01-27,70
119,수원,2020-01-28,50
119,수원,2020-01-29,50
119,수원,2020-01-30,290
119,수원,2020-01-31,270
119,수원,2020-02-01,140
119,수원,2020-02-02,250
119,수원,2020-02-03,270
119,수원,2020-02-04,250
119,수원,2020-02-05,320
119,수원,2020-02-06,270
119,수원,2020-02-07,250
119,수원,2020-02-08,320
119,수원,2020-02-09,290
119,수원,2020-02-10,250
119,수원,2020-02-11,140
119,수원,2020-02-12,90
119,수원,2020-02-13,320
119,수원,2020-02-14,270
119,수원,2020-02-15,90
119,수원,2020-02-16,270
119,수원,2020-02-17,290
119,수원,2020-02-18,320
119,수원,2020-02-19,90
119,수원,2020-02-20,290
119,수원,2020-02-21,160
119,수원,2020-02-22,270
119,수원,2020-02-23,290
119,수원,2020-02-24,140
119,수원,2020-02-25,70
119,수원,2020-02-26,290
119,수원,2020-02-27,250
119,수원,2020-02-28,110
119,수원,2020-02-29,270
119,수원,2020-03-01,270
119,수원,2020-03-02,290
119,수원,2020-03-03,270
119,수원,2020-03-04,270
119,수원,2020-03-05,270
119,수원,2020-03-06,110
119,수원,2020-03-07,110
119,수원,2020-03-08,160
119,수원,2020-03-09,290
119,수원,2020-03-10,290
119,수원,2020-03-11,290
119,수원,2020-03-12,250
119,수원,2020-03-13,320
119,수원,2020-03-14,270
119,수원,2020-03-15,290
119,수원,2020-03-16,270
119,수원,2020-03-17,140
119,수원,2020-03-18,140
119,수원,2020-03-19,270
119,수원,2020-03-20,270
119,수원,2020-03-21,290
119,수원,2020-03-22,270
119,수원,2020-03-23,290
119,수원,2020-03-24,290
119,수원,2020-03-25,270
119,수원,2020-03-26,140
119,수원,2020-03-27,270
119,수원,2020-03-28,320
119,수원,2020-03-29,250
119,수원,2020-03-30,250
119,수원,2020-03-31,250
119,수원,2020-04-01,270
119,수원,2020-04-02,270
119,수원,2020-04-03,270
119,수원,2020-04-04,320
119,수원,2020-04-05,270
119,수원,2020-04-06,290
119,수원,2020-04-07,270
119,수원,2020-04-08,270
119,수원,2020-04-09,250
119,수원,2020-04-10,250
119,수원,2020-04-11,270
119,수원,2020-04-12,50
119,수원,2020-04-13,360
119,수원,2020-04-14,290
119,수원,2020-04-15,270
119,수원,2020-04-16,140
119,수원,2020-04-17,140
119,수원,2020-04-18,270
119,수원,2020-04-19,90
119,수원,2020-04-20,250
119,수원,2020-04-21,270
119,수원,2020-04-22,270
119,수원,2020-04-23,290
119,수원,2020-04-24,250
119,수원,2020-04-25,250
119,수원,2020-04-26,270
119,수원,2020-04-27,270
119,수원,2020-04-28,250
119,수원,2020-04-29,140
119,수원,2020-04-30,250
119,수원,2020-05-01,270
119,수원,2020-05-02,160
119,수원,2020-05-03,110
119,수원,2020-05-04,270
119,수원,2020-05-05,250
119,수원,2020-05-06,270
119,수원,2020-05-07,110
119,수원,2020-05-08,140
119,수원,2020-05-09,90
119,수원,2020-05-10,270
119,수원,2020-05-11,270
119,수원,2020-05-12,270
119,수원,2020-05-13,270
119,수원,2020-05-14,110
119,수원,2020-05-15,90
119,수원,2020-05-16,270
119,수원,2020-05-17,250
119,수원,2020-05-18,140
119,수원,2020-05-19,360
119,수원,2020-05-20,290
119,수원,2020-05-21,110
119,수원,2020-05-22,110
119,수원,2020-05-23,250
119,수원,2020-05-24,270
119,수원,2020-05-25,250
119,수원,2020-05-26,270
119,수원,2020-05-27,270
119,수원,2020-05-28,270
119,수원,2020-05-29,250
119,수원,2020-05-30,270
119,수원,2020-05-31,270
119,수원,2020-06-01,270
119,수원,2020-06-02,250
119,수원,2020-06-03,250
119,수원,2020-06-04,250
119,수원,2020-06-05,270
119,수원,2020-06-06,270
119,수원,2020-06-07,250
119,수원,2020-06-08,250
119,수원,2020-06-09,250
119,수원,2020-06-10,250
119,수원,2020-06-11,290
119,수원,2020-06-12,290
119,수원,2020-06-13,290
119,수원,2020-06-14,270
119,수원,2020-06-15,250
119,수원,2020-06-16,270
119,수원,2020-06-17,290
119,수원,2020-06-18,290
119,수원,2020-06-19,270
119,수원,2020-06-20,140
119,수원,2020-06-21,250
119,수원,2020-06-22,270
119,수원,2020-06-23,270
119,수원,2020-06-24,110
119,수원,2020-06-25,180
119,수원,2020-06-26,250
119,수원,2020-06-27,270
119,수원,2020-06-28,290
119,수원,2020-06-29,110
119,수원,2020-06-30,340
119,수원,2020-07-01,230
119,수원,2020-07-02,140
119,수원,2020-07-03,160
119,수원,2020-07-04,250
119,수원,2020-07-05,250
119,수원,2020-07-06,250
119,수원,2020-07-07,250
119,수원,2020-07-08,250
119,수원,2020-07-09,160
119,수원,2020-07-10,50
119,수원,2020-07-11,50
119,수원,2020-07-12,90
119,수원,2020-07-13,90
119,수원,2020-07-14,50
119,수원,2020-07-15,110
119,수원,2020-07-16,250
119,수원,2020-07-17,250
119,수원,2020-07-18,250
119,수원,2020-07-19,140
119,수원,2020-07-20,250
119,수원,2020-07-21,270
119,수원,2020-07-22,290
119,수원,2020-07-23,90
119,수원,2020-07-24,50
119,수원,2020-07-25,50
119,수원,2020-07-26,270
119,수원,2020-07-27,90
119,수원,2020-07-28,90
119,수원,2020-07-29,140
119,수원,2020-07-30,250
119,수원,2020-07-31,250
119,수원,2020-08-01,160
119,수원,2020-08-02,140
119,수원,2020-08-03,200
119,수원,2020-08-04,250
119,수원,2020-08-05,140
119,수원,2020-08-06,250
119,수원,2020-08-07,140
119,수원,2020-08-08,90
119,수원,2020-08-09,140
119,수원,2020-08-10,140
119,수원,2020-08-11,180
119,수원,2020-08-12,90
119,수원,2020-08-13,140
119,수원,2020-08-14,250
119,수원,2020-08-15,250
119,수원,2020-08-16,250
119,수원,2020-08-17,250
119,수원,2020-08-18,250
119,수원,2020-08-19,250
119,수원,2020-08-20,250
119,수원,2020-08-21,140
119,수원,2020-08-22,90
119,수원,2020-08-23,270
119,수원,2020-08-24,250
119,수원,2020-08-25,160
119,수원,2020-08-26,90
119,수원,2020-08-27,180
119,수원,2020-08-28,160
119,수원,2020-08-29,140
119,수원,2020-08-30,250
119,수원,2020-08-31,110
119,수원,2020-09-01,110
119,수원,2020-09-02,90
119,수원,2020-09-03,250
119,수원,2020-09-04,250
119,수원,2020-09-05,110
119,수원,2020-09-06,50
119,수원,2020-09-07,270
119,수원,2020-09-08,270
119,수원,2020-09-09,140
119,수원,2020-09-10,160
119,수원,2020-09-11,70
119,수원,2020-09-12,20
119,수원,2020-09-13,270
119,수원,2020-09-14,270
119,수원,2020-09-15,110
119,수원,2020-09-16,160
119,수원,2020-09-17,270
119,수원,2020-09-18,250
119,수원,2020-09-19,270
119,수원,2020-09-20,290
119,수원,2020-09-21,290
119,수원,2020-09-22,90
119,수원,2020-09-23,70
119,수원,2020-09-24,70
119,수원,2020-09-25,50
119,수원,2020-09-26,50
119,수원,2020-09-27,50
119,수원,2020-09-28,110
119,수원,2020-09-29,320
119,수원,2020-09-30,110
119,수원,2020-10-01,110
119,수원,2020-10-02,140
119,수원,2020-10-03,140
119,수원,2020-10-04,320
119,수원,2020-10-05,290
119,수원,2020-10-06,320
119,수원,2020-10-07,70
119,수원,2020-10-08,70
119,수원,2020-10-09,50
119,수원,2020-10-10,70
119,수원,2020-10-11,90
119,수원,2020-10-12,270
119,수원,2020-10-13,290
119,수원,2020-10-14,320
119,수원,2020-10-15,290
119,수원,2020-10-16,320
119,수원,2020-10-17,320
119,수원,2020-10-18,290
119,수원,2020-10-19,270
119,수원,2020-10-20,290
119,수원,2020-10-21,140
119,수원,2020-10-22,270
119,수원,2020-10-23,320
119,수원,2020-10-24,290
119,수원,2020-10-25,90
119,수원,2020-10-26,270
119,수원,2020-10-27,140
119,수원,2020-10-28,290
119,수원,2020-10-29,290
119,수원,2020-10-30,290
119,수원,2020-10-31,110
119,수원,2020-11-01,180
119,수원,2020-11-02,320
119,수원,2020-11-03,320
119,수원,2020-11-04,320
119,수원,2020-11-05,110
119,수원,2020-11-06,160
119,수원,2020-11-07,270
119,수원,2020-11-08,290
119,수원,2020-11-09,270
119,수원,2020-11-10,270
119,수원,2020-11-11,270
119,수원,2020-11-12,290
119,수원,2020-11-13,270
119,수원,2020-11-14,90
119,수원,2020-11-15,270
119,수원,2020-11-16,110
119,수원,2020-11-17,90
119,수원,2020-11-18,140
119,수원,2020-11-19,270
119,수원,2020-11-20,320
119,수원,2020-11-21,50
119,수원,2020-11-22,320
119,수원,2020-11-23,320
119,수원,2020-11-24,270
119,수원,2020-11-25,270
119,수원,2020-11-26,290
119,수원,2020-11-27,290
119,수원,2020-11-28,320
119,수원,2020-11-29,320
119,수원,2020-11-30,270
119,수원,2020-12-01,320
119,수원,2020-12-02,320
119,수원,2020-12-03,320
119,수원,2020-12-04,290
119,수원,2020-12-05,140
119,수원,2020-12-06,110
119,수원,2020-12-07,320
119,수원,2020-12-08,270
119,수원,2020-12-09,140
119,수원,2020-12-10,160
119,수원,2020-12-11,270
119,수원,2020-12-12,320
119,수원,2020-12-13,320
119,수원,2020-12-14,320
119,수원,2020-12-15,320
119,수원,2020-12-16,320
119,수원,2020-12-17,320
119,수원,2020-12-18,290
119,수원,2020-12-19,290
119,수원,2020-12-20,290
119,수원,2020-12-21,180
119,수원,2020-12-22,110
119,수원,2020-12-23,160
119,수원,2020-12-24,290
119,수원,2020-12-25,320
119,수원,2020-12-26,110
119,수원,2020-12-27,140
119,수원,2020-12-28,270
119,수원,2020-12-29,320
119,수원,2020-12-30,320
119,수원,2020-12-31,320
119,수원,2021-01-01,160
119,수원,2021-01-02,320
119,수원,2021-01-03,320
119,수원,2021-01-04,110
119,수원,2021-01-05,320
119,수원,2021-01-06,320
119,수원,2021-01-07,320
119,수원,2021-01-08,320
119,수원,2021-01-09,320
119,수원,2021-01-10,160
119,수원,2021-01-11,270
119,수원,2021-01-12,140
119,수원,2021-01-13,250
119,수원,2021-01-14,110
119,수원,2021-01-15,270
119,수원,2021-01-16,270
119,수원,2021-01-17,230
119,수원,2021-01-18,320
119,수원,2021-01-19,320
119,수원,2021-01-20,90
119,수원,2021-01-21,110
119,수원,2021-01-22,320
119,수원,2021-01-23,90
119,수원,2021-01-24,70
119,수원,2021-01-25,90
119,수원,2021-01-26,270
119,수원,2021-01-27,290
119,수원,2021-01-28,290
119,수원,2021-01-29,320
119,수원,2021-01-30,110
119,수원,2021-01-31,140
119,수원,2021-02-01,270
119,수원,2021-02-02,320
119,수원,2021-02-03,160
119,수원,2021-02-04,270
119,수원,2021-02-05,140
119,수원,2021-02-06,250
119,수원,2021-02-07,270
119,수원,2021-02-08,290
119,수원,2021-02-09,290
119,수원,2021-02-10,110
119,수원,2021-02-11,250
119,수원,2021-02-12,270
119,수원,2021-02-13,270
119,수원,2021-02-14,250
119,수원,2021-02-15,270
119,수원,2021-02-16,290
119,수원,2021-02-17,290
119,수원,2021-02-18,320
119,수원,2021-02-19,110
119,수원,2021-02-20,70
119,수원,2021-02-21,230
119,수원,2021-02-22,270
119,수원,2021-02-23,290
119,수원,2021-02-24,270
119,수원,2021-02-25,290
119,수원,2021-02-26,70
119,수원,2021-02-27,90
119,수원,2021-02-28,110
119,수원,2021-03-01,50
119,수원,2021-03-02,320
119,수원,2021-03-03,140
119,수원,2021-03-04,110
119,수원,2021-03-05,250
119,수원,2021-03-06,90
119,수원,2021-03-07,90
119,수원,2021-03-08,250
119,수원,2021-03-09,270
119,수원,2021-03-10,110
119,수원,2021-03-11,250
119,수원,2021-03-12,50
119,수원,2021-03-13,270
119,수원,2021-03-14,270
119,수원,2021-03-15,250
119,수원,2021-03-16,270
119,수원,2021-03-17,290
119,수원,2021-03-18,230
119,수원,2021-03-19,140
119,수원,2021-03-20,270
119,수원,2021-03-21,290
119,수원,2021-03-22,270
119,수원,2021-03-23,140
119,수원,2021-03-24,140
119,수원,2021-03-25,270
119,수원,2021-03-26,250
119,수원,2021-03-27,90
119,수원,2021-03-28,230
119,수원,2021-03-29,270
119,수원,2021-03-30,270
119,수원,2021-03-31,270
119,수원,2021-04-01,110
119,수원,2021-04-02,90
119,수원,2021-04-03,90
119,수원,2021-04-04,50
119,수원,2021-04-05,110
119,수원,2021-04-06,270
119,수원,2021-04-07,290
119,수원,2021-04-08,270
119,수원,2021-04-09,90
119,수원,2021-04-10,270
119,수원,2021-04-11,270
119,수원,2021-04-12,140
119,수원,2021-04-13,270
119,수원,2021-04-14,290
119,수원,2021-04-15,140
119,수원,2021-04-16,250
119,수원,2021-04-17,270
119,수원,2021-04-18,270
119,수원,2021-04-19,270
119,수원,2021-04-20,250
119,수원,2021-04-21,290
119,수원,2021-04-22,250
119,수원,2021-04-23,90
119,수원,2021-04-24,110
119,수원,2021-04-25,90
119,수원,2021-04-26,290
119,수원,2021-04-27,250
119,수원,2021-04-28,270
119,수원,2021-04-29,290
119,수원,2021-04-30,250
119,수원,2021-05-01,270
119,수원,2021-05-02,320
119,수원,2021-05-03,270
119,수원,2021-05-04,90
119,수원,2021-05-05,270
119,수원,2021-05-06,180
119,수원,2021-05-07,250
119,수원,2021-05-08,250
119,수원,2021-05-09,270
119,수원,2021-05-10,160
119,수원,2021-05-11,110
119,수원,2021-05-12,90
119,수원,2021-05-13,270
119,수원,2021-05-14,250
119,수원,2021-05-15,110
119,수원,2021-05-16,90
119,수원,2021-05-17,50
119,수원,2021-05-18,250
119,수원,2021-05-19,290
119,수원,2021-05-20,90
119,수원,2021-05-21,270
119,수원,2021-05-22,270
119,수원,2021-05-23,290
119,수원,2021-05-24,270
119,수원,2021-05-25,250
119,수원,2021-05-26,140
119,수원,2021-05-27,250
119,수원,2021-05-28,270
119,수원,2021-05-29,270
119,수원,2021-05-30,90
119,수원,2021-05-31,160
119,수원,2021-06-01,320
119,수원,2021-06-02,160
119,수원,2021-06-03,140
119,수원,2021-06-04,250
119,수원,2021-06-05,160
119,수원,2021-06-06,180
119,수원,2021-06-07,160
119,수원,2021-06-08,290
119,수원,2021-06-09,160
119,수원,2021-06-10,140
119,수원,2021-06-11,250
119,수원,2021-06-12,250
119,수원,2021-06-13,250
119,수원,2021-06-14,250
119,수원,2021-06-15,90
119,수원,2021-06-16,90
119,수원,2021-06-17,110
119,수원,2021-06-18,250
119,수원,2021-06-19,290
119,수원,2021-06-20,160
119,수원,2021-06-21,290
119,수원,2021-06-22,110
119,수원,2021-06-23,90
119,수원,2021-06-24,90
119,수원,2021-06-25,250
119,수원,2021-06-26,110
119,수원,2021-06-27,70
119,수원,2021-06-28,90
119,수원,2021-06-29,250
119,수원,2021-06-30,250
119,수원,2021-07-01,320
119,수원,2021-07-02,110
119,수원,2021-07-03,90
119,수원,2021-07-04,180
119,수원,2021-07-05,270
119,수원,2021-07-06,250
119,수원,2021-07-07,110
119,수원,2021-07-08,270
119,수원,2021-07-09,270
119,수원,2021-07-10,250
119,수원,2021-07-11,250
119,수원,2021-07-12,140
119,수원,2021-07-13,160
119,수원,2021-07-14,200
119,수원,2021-07-15,250
119,수원,2021-07-16,110
119,수원,2021-07-17,110
119,수원,2021-07-18,110
119,수원,2021-07-19,110
119,수원,2021-07-20,110
119,수원,2021-07-21,140
119,수원,2021-07-22,110
119,수원,2021-07-23,140
119,수원,2021-07-24,140
119,수원,2021-07-25,140
119,수원,2021-07-26,110
119,수원,2021-07-27,140
119,수원,2021-07-28,110
119,수원,2021-07-29,250
119,수원,2021-07-30,270
119,수원,2021-07-31,250
119,수원,2021-08-01,250
119,수원,2021-08-02,180
119,수원,2021-08-03,250
119,수원,2021-08-04,200
119,수원,2021-08-05,250
119,수원,2021-08-06,250
119,수원,2021-08-07,270
119,수원,2021-08-08,110
119,수원,2021-08-09,290
119,수원,2021-08-10,270
119,수원,2021-08-11,320
119,수원,2021-08-12,290
119,수원,2021-08-13,90
119,수원,2021-08-14,70
119,수원,2021-08-15,110
119,수원,2021-08-16,110
119,수원,2021-08-17,50
119,수원,2021-08-18,70
119,수원,2021-08-19,110
119,수원,2021-08-20,160
119,수원,2021-08-21,250
119,수원,2021-08-22,250
119,수원,2021-08-23,90
119,수원,2021-08-24,90
119,수원,2021-08-25,140
119,수원,2021-08-26,160
119,수원,2021-08-27,140
119,수원,2021-08-28,250
119,수원,2021-08-29,270
119,수원,2021-08-30,270
119,수원,2021-08-31,90
119,수원,2021-09-01,50
119,수원,2021-09-02,90
119,수원,2021-09-03,50
119,수원,2021-09-04,90
119,수원,2021-09-05,90
119,수원,2021-09-06,110
119,수원,2021-09-07,110
119,수원,2021-09-08,290
119,수원,2021-09-09,250
119,수원,2021-09-10,270
119,수원,2021-09-11,270
119,수원,2021-09-12,270
119,수원,2021-09-13,110
119,수원,2021-09-14,90
119,수원,2021-09-15,90
119,수원,2021-09-16,90
119,수원,2021-09-17,50
119,수원,2021-09-18,270
119,수원,2021-09-19,110
119,수원,2021-09-20,140
119,수원,2021-09-21,140
119,수원,2021-09-22,270
119,수원,2021-09-23,270
119,수원,2021-09-24,110
119,수원,2021-09-25,90
119,수원,2021-09-26,110
119,수원,2021-09-27,90
119,수원,2021-09-28,90
119,수원,2021-09-29,270
119,수원,2021-09-30,290
119,수원,2021-10-01,270
119,수원,2021-10-02,140
119,수원,2021-10-03,110
119,수원,2021-10-04,230
119,수원,2021-10-05,250
119,수원,2021-10-06,90
119,수원,2021-10-07,250
119,수원,2021-10-08,90
119,수원,2021-10-09,90
119,수원,2021-10-10,320
119,수원,2021-10-11,50
119,수원,2021-10-12,110
119,수원,2021-10-13,110
119,수원,2021-10-14,270
119,수원,2021-10-15,340
119,수원,2021-10-16,320
119,수원,2021-10-17,320
119,수원,2021-10-18,140
119,수원,2021-10-19,320
119,수원,2021-10-20,250
119,수원,2021-10-21,290
119,수원,2021-10-22,320
119,수원,2021-10-23,290
119,수원,2021-10-24,270
119,수원,2021-10-25,320
119,수원,2021-10-26,110
119,수원,2021-10-27,320
119,수원,2021-10-28,20
119,수원,2021-10-29,90
119,수원,2021-10-30,90
119,수원,2021-10-31,270
119,수원,2021-11-01,270
119,수원,2021-11-02,290
119,수원,2021-11-03,290
119,수원,2021-11-04,160
119,수원,2021-11-05,90
119,수원,2021-11-06,290
119,수원,2021-11-07,110
119,수원,2021-11-08,140
119,수원,2021-11-09,340
119,수원,2021-11-10,290
119,수원,2021-11-11,290
119,수원,2021-11-12,320
119,수원,2021-11-13,110
119,수원,2021-11-14,90
119,수원,2021-11-15,250
119,수원,2021-11-16,270
119,수원,2021-11-17,110
119,수원,2021-11-18,140
119,수원,2021-11-19,110
119,수원,2021-11-20,140
119,수원,2021-11-21,140
119,수원,2021-11-22,320
119,수원,2021-11-23,320
119,수원,2021-11-24,110
119,수원,2021-11-25,320
119,수원,2021-11-26,320
119,수원,2021-11-27,290
119,수원,2021-11-28,320
119,수원,2021-11-29,140
119,수원,2021-11-30,140
119,수원,2021-12-01,290
119,수원,2021-12-02,160
119,수원,2021-12-03,290
119,수원,2021-12-04,320
119,수원,2021-12-05,320
119,수원,2021-12-06,290
119,수원,2021-12-07,290
119,수원,2021-12-08,290
119,수원,2021-12-09,90
119,수원,2021-12-10,110
119,수원,2021-12-11,250
119,수원,2021-12-12,320
119,수원,2021-12-13,320
119,수원,2021-12-14,140
119,수원,2021-12-15,160
119,수원,2021-12-16,250
119,수원,2021-12-17,290
119,수원,2021-12-18,140
119,수원,2021-12-19,110
119,수원,2021-12-20,140
119,수원,2021-12-21,320
119,수원,2021-12-22,270
119,수원,2021-12-23,270
119,수원,2021-12-24,290
119,수원,2021-12-25,320
119,수원,2021-12-26,320
119,수원,2021-12-27,160
119,수원,2021-12-28,90
119,수원,2021-12-29,290
119,수원,2021-12-30,320
119,수원,2021-12-31,320
119,수원,2022-01-01,140
119,수원,2022-01-02,250
119,수원,2022-01-03,290
119,수원,2022-01-04,320
119,수원,2022-01-05,270
119,수원,2022-01-06,270
119,수원,2022-01-07,270
119,수원,2022-01-08,250
119,수원,2022-01-09,290
119,수원,2022-01-10,270
119,수원,2022-01-11,290
119,수원,2022-01-12,320
119,수원,2022-01-13,320
119,수원,2022-01-14,290
119,수원,2022-01-15,140
119,수원,2022-01-16,270
119,수원,2022-01-17,320
119,수원,2022-01-18,290
119,수원,2022-01-19,320
119,수원,2022-01-20,270
119,수원,2022-01-21,290
119,수원,2022-01-22,290
119,수원,2022-01-23,290
119,수원,2022-01-24,90
119,수원,2022-01-25,270
119,수원,2022-01-26,290
119,수원,2022-01-27,320
119,수원,2022-01-28,320
119,수원,2022-01-29,320
119,수원,2022-01-30,290
119,수원,2022-01-31,140
119,수원,2022-02-01,270
119,수원,2022-02-02,270
119,수원,2022-02-03,320
119,수원,2022-02-04,290
119,수원,2022-02-05,290
119,수원,2022-02-06,270
119,수원,2022-02-07,320
119,수원,2022-02-08,270
119,수원,2022-02-09,250
119,수원,2022-02-10,270
119,수원,2022-02-11,290
119,수원,2022-02-12,270
119,수원,2022-02-13,290
119,수원,2022-02-14,270
119,수원,2022-02-15,290
119,수원,2022-02-16,320
119,수원,2022-02-17,320
119,수원,2022-02-18,290
119,수원,2022-02-19,270
119,수원,2022-02-20,320
119,수원,2022-02-21,270
119,수원,2022-02-22,320
119,수원,2022-02-23,320
119,수원,2022-02-24,290
119,수원,2022-02-25,140
119,수원,2022-02-26,230
119,수원,2022-02-27,250
119,수원,2022-02-28,140
119,수원,2022-03-01,270
119,수원,2022-03-02,270
119,수원,2022-03-03,290
119,수원,2022-03-04,230
119,수원,2022-03-05,290
119,수원,2022-03-06,290
119,수원,2022-03-07,250
119,수원,2022-03-08,270
119,수원,2022-03-09,270
119,수원,2022-03-10,250
119,수원,2022-03-11,270
119,수원,2022-03-12,200
119,수원,2022-03-13,270
119,수원,2022-03-14,270
119,수원,2022-03-15,270
119,수원,2022-03-16,270
119,수원,2022-03-17,90
119,수원,2022-03-18,90
119,수원,2022-03-19,110
119,수원,2022-03-20,290
119,수원,2022-03-21,290
119,수원,2022-03-22,290
119,수원,2022-03-23,270
119,수원,2022-03-24,140
119,수원,2022-03-25,110
119,수원,2022-03-26,270
119,수원,2022-03-27,270
119,수원,2022-03-28,270
119,수원,2022-03-29,270
119,수원,2022-03-30,140
119,수원,2022-03-31,250
119,수원,2022-04-01,270
119,수원,2022-04-02,140
119,수원,2022-04-03,250
119,수원,2022-04-04,270
119,수원,2022-04-05,290
119,수원,2022-04-06,250
119,수원,2022-04-07,270
119,수원,2022-04-08,250
119,수원,2022-04-09,200
119,수원,2022-04-10,290
119,수원,2022-04-11,250
119,수원,2022-04-12,230
119,수원,2022-04-13,90
119,수원,2022-04-14,90
119,수원,2022-04-15,290
119,수원,2022-04-16,270
119,수원,2022-04-17,270
119,수원,2022-04-18,140
119,수원,2022-04-19,250
119,수원,2022-04-20,290
119,수원,2022-04-21,250
119,수원,2022-04-22,250
119,수원,2022-04-23,110
119,수원,2022-04-24,290
119,수원,2022-04-25,140
119,수원,2022-04-26,270
119,수원,2022-04-27,270
119,수원,2022-04-28,160
119,수원,2022-04-29,90
119,수원,2022-04-30,270
119,수원,2022-05-01,270
119,수원,2022-05-02,270
119,수원,2022-05-03,270
119,수원,2022-05-04,250
119,수원,2022-05-05,290
119,수원,2022-05-06,290
119,수원,2022-05-07,250
119,수원,2022-05-08,90
119,수원,2022-05-09,110
119,수원,2022-05-10,110
119,수원,2022-05-11,250
119,수원,2022-05-12,270
119,수원,2022-05-13,270
119,수원,2022-05-14,270
119,수원,2022-05-15,270
119,수원,2022-05-16,250
119,수원,2022-05-17,160
119,수원,2022-05-18,250
119,수원,2022-05-19,180
119,수원,2022-05-20,250
119,수원,2022-05-21,270
119,수원,2022-05-22,290
119,수원,2022-05-23,250
119,수원,2022-05-24,270
119,수원,2022-05-25,270
119,수원,2022-05-26,250
119,수원,2022-05-27,270
119,수원,2022-05-28,250
119,수원,2022-05-29,140
119,수원,2022-05-30,270
119,수원,2022-05-31,230
119,수원,2022-06-01,250
119,수원,2022-06-02,270
119,수원,2022-06-03,290
119,수원,2022-06-04,110
119,수원,2022-06-05,110
119,수원,2022-06-06,90
119,수원,2022-06-07,90
119,수원,2022-06-08,140
119,수원,2022-06-09,270
119,수원,2022-06-10,340
119,수원,2022-06-11,320
119,수원,2022-06-12,90
119,수원,2022-06-13,110
119,수원,2022-06-14,110
119,수원,2022-06-15,110
119,수원,2022-06-16,250
119,수원,2022-06-17,270
119,수원,2022-06-18,270
119,수원,2022-06-19,250
119,수원,2022-06-20,270
119,수원,2022-06-21,290
119,수원,2022-06-22,250
119,수원,2022-06-23,230
119,수원,2022-06-24,270
119,수원,2022-06-25,200
119,수원,2022-06-26,180
119,수원,2022-06-27,200
119,수원,2022-06-28,200
119,수원,2022-06-29,200
119,수원,2022-06-30,140
119,수원,2022-07-01,110
119,수원,2022-07-02,250
119,수원,2022-07-03,270
119,수원,2022-07-04,320
119,수원,2022-07-05,250
119,수원,2022-07-06,110
119,수원,2022-07-07,230
119,수원,2022-07-08,270
119,수원,2022-07-09,250
119,수원,2022-07-10,250
119,수원,2022-07-11,160
119,수원,2022-07-12,110
119,수원,2022-07-13,140
119,수원,2022-07-14,270
119,수원,2022-07-15,250
119,수원,2022-07-16,250
119,수원,2022-07-17,270
119,수원,2022-07-18,110
119,수원,2022-07-19,270
119,수원,2022-07-20,250
119,수원,2022-07-21,320
119,수원,2022-07-22,270
119,수원,2022-07-23,160
119,수원,2022-07-24,110
119,수원,2022-07-25,250
119,수원,2022-07-26,250
119,수원,2022-07-27,140
119,수원,2022-07-28,110
119,수원,2022-07-29,110
119,수원,2022-07-30,110
119,수원,2022-07-31,110
119,수원,2022-08-01,110
119,수원,2022-08-02,140
119,수원,2022-08-03,270
119,수원,2022-08-04,250
119,수원,2022-08-05,270
119,수원,2022-08-06,250
119,수원,2022-08-07,200
119,수원,2022-08-08,180
119,수원,2022-08-09,200
119,수원,2022-08-10,250
119,수원,2022-08-11,250
119,수원,2022-08-12,250
119,수원,2022-08-13,160
119,수원,2022-08-14,160
119,수원,2022-08-15,200
119,수원,2022-08-16,270
119,수원,2022-08-17,270
119,수원,2022-08-18,140
119,수원,2022-08-19,160
119,수원,2022-08-20,270
119,수원,2022-08-21,160
119,수원,2022-08-22,250
119,수원,2022-08-23,250
119,수원,2022-08-24,110
119,수원,2022-08-25,140
119,수원,2022-08-26,270
119,수원,2022-08-27,320
119,수원,2022-08-28,110
119,수원,2022-08-29,90
119,수원,2022-08-30,90
119,수원,2022-08-31,20
119,수원,2022-09-01,250
119,수원,2022-09-02,90
119,수원,2022-09-03,90
119,수원,2022-09-04,110
119,수원,2022-09-05,360
119,수원,2022-09-06,270
119,수원,2022-09-07,270
119,수원,2022-09-08,270
119,수원,2022-09-09,90
119,수원,2022-09-10,110
119,수원,2022-09-11,110
119,수원,2022-09-12,320
119,수원,2022-09-13,50
119,수원,2022-09-14,90
119,수원,2022-09-15,110
119,수원,2022-09-16,90
119,수원,2022-09-17,320
119,수원,2022-09-18,50
119,수원,2022-09-19,360
119,수원,2022-09-20,70
119,수원,2022-09-21,160
119,수원,2022-09-22,90
119,수원,2022-09-23,270
119,수원,2022-09-24,270
119,수원,2022-09-25,250
119,수원,2022-09-26,290
119,수원,2022-09-27,320
119,수원,2022-09-28,110
119,수원,2022-09-29,250
119,수원,2022-09-30,250
119,수원,2022-10-01,270
119,수원,2022-10-02,110
119,수원,2022-10-03,200
119,수원,2022-10-04,290
119,수원,2022-10-05,250
119,수원,2022-10-06,50
119,수원,2022-10-07,320
119,수원,2022-10-08,90
119,수원,2022-10-09,90
119,수원,2022-10-10,290
119,수원,2022-10-11,320
119,수원,2022-10-12,290
119,수원,2022-10-13,110
119,수원,2022-10-14,290
119,수원,2022-10-15,250
119,수원,2022-10-16,290
119,수원,2022-10-17,320
119,수원,2022-10-18,290
119,수원,2022-10-19,290
119,수원,2022-10-20,290
119,수원,2022-10-21,250
119,수원,2022-10-22,270
119,수원,2022-10-23,320
119,수원,2022-10-24,320
119,수원,2022-10-25,90
119,수원,2022-10-26,90
119,수원,2022-10-27,270
119,수원,2022-10-28,180
119,수원,2022-10-29,110
119,수원,2022-10-30,110
119,수원,2022-10-31,110
119,수원,2022-11-01,270
119,수원,2022-11-02,270
119,수원,2022-11-03,290
119,수원,2022-11-04,320
119,수원,2022-11-05,270
119,수원,2022-11-06,110
119,수원,2022-11-07,140
119,수원,2022-11-08,320
119,수원,2022-11-09,290
119,수원,2022-11-10,290
119,수원,2022-11-11,110
119,수원,2022-11-12,160
119,수원,2022-11-13,270
119,수원,2022-11-14,250
119,수원,2022-11-15,160
119,수원,2022-11-16,320
119,수원,2022-11-17,110
119,수원,2022-11-18,320
119,수원,2022-11-19,90
119,수원,2022-11-20,290
119,수원,2022-11-21,290
119,수원,2022-11-22,110
119,수원,2022-11-23,270
119,수원,2022-11-24,270
119,수원,2022-11-25,140
119,수원,2022-11-26,290
119,수원,2022-11-27,110
119,수원,2022-11-28,140
119,수원,2022-11-29,320
119,수원,2022-11-30,320
119,수원,2022-12-01,320
119,수원,2022-12-02,290
119,수원,2022-12-03,320
119,수원,2022-12-04,320
119,수원,2022-12-05,320
119,수원,2022-12-06,110
119,수원,2022-12-07,270
119,수원,2022-12-08,270
119,수원,2022-12-09,270
119,수원,2022-12-10,290
119,수원,2022-12-11,290
119,수원,2022-12-12,160
119,수원,2022-12-13,290
119,수원,2022-12-14,320
119,수원,2022-12-15,140
119,수원,2022-12-16,320
119,수원,2022-12-17,320
119,수원,2022-12-18,320
119,수원,2022-12-19,230
119,수원,2022-12-20,90
119,수원,2022-12-21,90
119,수원,2022-12-22,320
119,수원,2022-12-23,320
119,수원,2022-12-24,250
119,수원,2022-12-25,290
119,수원,2022-12-26,290
119,수원,2022-12-27,290
119,수원,2022-12-28,290
119,수원,2022-12-29,250
119,수원,2022-12-30,270
119,수원,2022-12-31,140
